Tags,POPM,AD,BCS,ASD,ERC,SADA,Decision
"['pfwuj', 'oexjcsjfkg', 'axfkvrl', 'xlht', 'owaex', 'yqvg', 'ngjdi', 'kgdmxh', 'skrnxnk']",105,117,94,79,111,95,FALSE
"['bfa', 'qsxcbxkp', 'pzvcqvc', 'lee', 'sbz', 'idzouvsuq', 'sjsrhdfhnf', 'ovv', 'qkdtm']",104,74,76,93,101,97,FALSE
"['hnhdldv', 'hhvplin', 'ppdywptbwr', 'hberka']",61,114,101,102,73,63,FALSE
"['rhdfa', 'yldonckb', 'xlhru']",115,82,98,73,103,103,FALSE
"['vplvnrs', 'qycvnbz', 'badaihsq', 'jwedc']",118,103,90,116,94,88,FALSE
"['xmtwy', 'epu', 'hpmzonog', 'bozy', 'vwclz', 'xtuot']",71,109,120,74,95,110,FALSE
"['octj', 'ddjppllnf', 'uidlbsa', 'hjrpehclu', 'oild', 'rqsajf', 'keaajljd']",66,76,80,103,119,90,FALSE
"['fokoc', 'pihfpmp', 'bilnmsctm', 'eligble', 'ehtdpwmm', 'gsxreepfr']",78,75,109,106,65,66,TRUE
"['alfai', 'mmf', 'kohcrk', 'njriklq', 'bhbvqtof', 'avnr', 'apcjsnl']",110,85,87,98,106,85,FALSE
"['gvalzbtel', 'huqm', 'mcysf', 'oqtg', 'jelkphgv', 'lmlrl']",87,69,98,75,68,61,FALSE
"['mkmiqbpykl', 'biuq', 'eve', 'eligble', 'fqgboasnkh', 'brtzkaureh', 'jglpxtt', 'otfn']",113,95,115,63,108,94,TRUE
"['afh', 'kpwuh', 'icbatq', 'plpkiizwzo', 'fbdxcdiodk', 'unplam', 'eligble', 'afidfcl', 'gxofl', 'jdduj']",86,91,90,66,106,91,TRUE
"['puuqftban', 'rfxjjl', 'suuu', 'wamndmpxrg', 'ehruk', 'kdffcbhykl', 'mgjvmkwdqz', 'pix', 'bwjngn', 'hnjzvuk']",106,87,104,75,95,94,FALSE
"['rde', 'ndheyf', 'akjwdtmtk', 'wadueqy', 'rjb', 'klqpt', 'vtmdtnqpi']",73,96,105,90,78,101,FALSE
"['dkaczcz', 'dqp', 'fkxfpnz', 'xtvnsw', 'ytrndzx']",101,95,64,63,75,99,FALSE
"['luuouwsg', 'wskbr', 'ocvchgnq', 'astslr', 'hnptsddnw', 'okzyvbzg']",97,96,63,61,95,66,FALSE
"['zwcqsxkb', 'vrdjzzwyj', 'gwsokacy', 'idsp', 'eligble', 'vvviqj']",62,76,108,120,108,96,TRUE
"['curwe', 'fjx', 'kofcjzmqgy', 'xhxk', 'qxfz', 'vnfhbdiv', 'fbmyi', 'hzcnh', 'tlge', 'koearbgmut']",71,64,117,92,119,98,FALSE
"['uqcfafcqv', 'lyllewe', 'chrw', 'wfpvlebie', 'aivake']",93,68,83,85,71,68,FALSE
"['exblhgau', 'jaqjdp', 'oocsart', 'qta', 'ncalgehtr', 'daj', 'mct', 'jsuuffu']",70,99,71,109,102,99,FALSE
"['onvfqmlnhu', 'hewvhujkxf', 'mtotdmstwu', 'eligble', 'anoq', 'zzemsw']",118,117,90,97,95,83,TRUE
"['plv', 'ljlm', 'eligble', 'ubanc']",75,101,81,68,81,83,TRUE
"['gqi', 'hnax', 'krdyjjn']",61,84,97,79,106,106,FALSE
"['cstjy', 'eligble', 'xzzxfs', 'inbjcrintr', 'pok', 'ghmhku', 'bqrwxvsrnc', 'pvfk', 'ivhq', 'prjjeds', 'zwp']",102,88,101,104,92,102,TRUE
"['mdyppe', 'saxgcgunp', 'csoadoxrqo']",80,110,100,112,108,68,FALSE
"['rvnxgp', 'cfj', 'ievkfhlmww', 'zrioyinq']",84,112,75,76,101,90,FALSE
"['drpz', 'eqmc', 'zpe', 'mdyleebsq', 'apq', 'nbzxxuwtfw']",102,101,111,115,119,70,FALSE
"['zua', 'jjkbmkikd', 'aksdfpgzs', 'ifxasz', 'boap', 'faxcgvr', 'lvwkaoy', 'yfoophycu']",87,96,75,60,71,107,FALSE
"['rkynsrl', 'vhmawvnxmc', 'tjpbtu', 'iwtmocjp', 'hvpqzfx', 'jwt', 'dka']",115,107,80,111,113,98,FALSE
"['jhivfp', 'enwistasd', 'cpx', 'eligble']",108,70,71,61,113,78,TRUE
"['ncnrl', 'zvjezuqej', 'ipprbkqx', 'cfnahdwxeg', 'qnxehhs']",62,83,68,65,104,62,FALSE
"['ihclvqssw', 'ploln', 'zgzvkraq', 'oxcdaws', 'ofoitkdhh', 'glqypwnol', 'cirxlen', 'ody', 'ris', 'kdvsbwk']",68,63,88,112,68,74,FALSE
"['pexpz', 'wbzecrejqd', 'ucssytf', 'yomjybqu', 'eligble', 'giburo']",109,85,94,94,84,92,TRUE
"['gpaacb', 'wauvbwxxk', 'bsdof', 'vcpnkyllza', 'cjyytfadvk', 'obxhgaqgj', 'zlznkr', 'dzwcs']",78,112,67,84,113,105,FALSE
"['tugdf', 'qontrssvah', 'krxmshvp', 'spiuzqqpjd', 'ugvmxmf']",84,89,117,111,97,71,FALSE
"['bhf', 'hqz', 'djqblzhl']",82,100,113,78,96,90,FALSE
"['ykl', 'wqckugzcgk', 'qbwiebnipl', 'udqa', 'elurr', 'uvwileflwn']",68,113,65,91,88,104,FALSE
"['irfwd', 'jkvgqttpa', 'vpwmczjtbv', 'narqe', 'atfnsxoity', 'qbkcdpbrnc', 'rjmonjkvy', 'sdscmjrli', 'nzkoeepi', 'ntjz']",113,86,103,98,99,87,FALSE
"['dsbxrjb', 'znwut', 'jslykvvav', 'qlwxfq', 'gikvt']",112,89,116,75,111,119,FALSE
"['omfsnhc', 'xxclpg', 'uxgpeirhpn', 'eligble', 'grrbzg', 'tvolwketn', 'wbdiz', 'emgkvt']",92,114,101,112,107,103,TRUE
"['vrcgby', 'vwe', 'tcughueb']",86,89,69,62,112,65,FALSE
"['foryxs', 'eligble', 'lyndhy', 'vhia', 'tjyeci', 'hikfmj', 'jglm', 'citqhxeak']",120,114,105,111,61,60,TRUE
"['vdvzuekg', 'znosav', 'lzyvan', 'eligble', 'ngli', 'fxjneb', 'csxh']",103,79,63,94,112,111,TRUE
"['snonyd', 'nkesfr', 'crottmnnne', 'czanx', 'govlaemfu', 'gzialgruc', 'pjktig']",112,104,66,108,72,91,FALSE
"['yyvtkk', 'ykhrjqey', 'mgnqjjkjp', 'fmwmxikwt', 'xmbroillpl', 'mjnhx', 'eligble', 'auhao']",83,71,74,80,104,72,TRUE
"['lbdsohzwk', 'zyfv', 'utbj', 'pmrazabr']",84,109,91,76,75,68,FALSE
"['qks', 'qvj', 'olbz', 'pklxnunpr', 'zxyyvmygt', 'peutxstucq', 'ljvk', 'nkieicmnj', 'qzhjvosxn']",82,104,116,97,71,79,FALSE
"['aetsuctnu', 'hiwqlypfg', 'suhu', 'iwqlz', 'qlun', 'duwkmpjlx', 'omtmnhlebd']",66,110,89,111,118,88,FALSE
"['bqbeznkk', 'kkrjz', 'nrc', 'jezonvrhul', 'puydtyx', 'yenr', 'axpjov', 'ojc', 'eligble']",73,114,96,71,69,75,TRUE
"['foxqfcljc', 'hczrfvxj', 'mgrly', 'ltdy', 'vdfoonh', 'rcw', 'zafnxm', 'xerwhxnmm', 'zmcb']",80,78,65,67,108,87,FALSE
"['cpbvkhxn', 'coflwwqjb', 'xgx', 'egfppdgass', 'ncjgntad', 'tvclsqbq', 'qlxmbicmfq', 'eligble', 'iqebditikp']",68,104,83,116,69,84,TRUE
"['ehkvcw', 'sfcyi', 'xzvfeltb', 'boasxpcc', 'mkox']",78,82,116,90,113,98,FALSE
"['mjedwivvul', 'gkfcm', 'visqsbml', 'hphxorglyz', 'gdk', 'weexgnn']",81,98,68,76,64,114,FALSE
"['rtlps', 'rtzenxabs', 'jsodwytsvn', 'bloyvwg', 'eligble', 'erf', 'fgxrhakek']",116,116,69,108,73,87,TRUE
"['zzuqchguht', 'lnlbtpdaor', 'cxwvkksqm']",71,73,62,79,72,70,FALSE
"['cpnbjgmle', 'ixz', 'laa', 'sun', 'jlipscnumq', 'djuvyrhvpk', 'nzcvrwgzgq', 'kdpek', 'kii']",111,75,62,72,89,64,FALSE
"['tpipofnijm', 'tjjz', 'qrjlcwck', 'ispxetfmyv', 'wnzzupvvkh']",61,105,91,68,116,71,FALSE
"['zqzizb', 'ymygoj', 'emv', 'fxoqktd', 'qlnywexmb', 'pgv', 'ppj', 'lydvmbqh', 'geygmsnq', 'xeduqyuq']",117,66,89,88,105,62,FALSE
"['lanjivh', 'dshduzvoo', 'cczevwgi', 'rweugthf', 'rqinnrdn', 'utd', 'gmezsudm', 'eligble']",95,117,69,93,84,76,TRUE
"['zhlawdohvj', 'pbzt', 'eligble', 'xxis', 'lfioxy', 'ubyce', 'ldc']",85,119,83,73,75,62,TRUE
"['iqrt', 'igrwm', 'hykloopbua', 'tirsieoc', 'yweudpdntz', 'hcryr', 'umlwuc', 'baesevzy', 'oajzpbfc']",77,96,108,101,86,116,FALSE
"['kvtgrp', 'ast', 'yvn', 'ffgu']",86,106,84,94,111,76,FALSE
"['xaesgji', 'ivec', 'pnqhquu', 'wxzprpddhd', 'etsuvxcpfy', 'nakgso', 'mjy']",86,94,118,97,108,106,FALSE
"['khojtpv', 'nint', 'oai', 'pjhj', 'boaxc', 'ivaxmf', 'idwcr', 'egisqbu', 'syicqsy']",85,117,81,88,119,72,FALSE
"['jcjdcaz', 'oohzqatzus', 'fztisw', 'kmlco', 'lyi', 'icjcn', 'karrbzvduj', 'yexd', 'njszb', 'eligble']",68,65,97,72,93,68,TRUE
"['rbmbij', 'nyh', 'bynsg', 'wkbplob', 'mitaq', 'uhvbdf']",77,68,71,68,98,64,FALSE
"['cgmjvqc', 'usmsvqihj', 'wnilkw', 'crbipmfe', 'gifht']",115,117,75,103,61,111,FALSE
"['fjrpqt', 'wuxdqjk', 'jdxk', 'ncrihxqt', 'qwzlt', 'cnqrzmm', 'kojrmsl', 'qlxyswh', 'rznu']",114,81,70,112,97,100,FALSE
"['ggci', 'eligble', 'zsfokjr', 'qwxrb', 'lhc', 'cvbwjepxke', 'qdyh', 'dbqb']",118,64,76,97,88,106,TRUE
"['eaxoo', 'bhgyuqiilw', 'syvmwwpfk', 'ygoqnb', 'ogqztuez', 'nmlj', 'ztnrdnmbg', 'srdz', 'nnx']",61,69,118,72,91,80,FALSE
"['zifkzsob', 'mbnholyzm', 'crtbtnuulc']",92,86,97,90,95,70,FALSE
"['jukxyczwud', 'bgyjszaw', 'tzdbzhrq', 'aeyc', 'jxzbhmxh', 'rvxtngzbs', 'qgihiuyvm', 'eligble', 'ppcoiyfu', 'txujeojf']",91,82,65,91,91,113,TRUE
"['pcdhb', 'hnvm', 'sketpc', 'ifmbbqcpi', 'idbyzfas', 'qgqeuhwofb', 'ztif', 'oqeahqz']",92,69,114,81,75,87,FALSE
"['aqrg', 'bztwc', 'lpdqodqtl', 'cohutiy', 'dgkalzpz', 'rwulz']",113,76,100,117,103,78,FALSE
"['ensnszj', 'zcpav', 'yrbobpld']",92,116,97,78,75,116,FALSE
"['gqjwnyx', 'bnlcl', 'ckjmyyw', 'eligble']",99,92,74,86,90,83,TRUE
"['bzpqwu', 'gucn', 'blzkcuie', 'gqqikoqrve', 'zgso', 'skjvquwn', 'gmn']",86,120,83,86,76,84,FALSE
"['scpym', 'vtddkm', 'hil', 'axubbd', 'mwqvxmww', 'zsro', 'xcuvipmt', 'cnzzkbahm', 'hfjge', 'yoij']",64,79,63,84,83,79,FALSE
"['lqqyrz', 'cqmentnsrg', 'kbr', 'lkkrs', 'knxcx', 'hohwkkju', 'gde', 'mfubadf', 'phipslkhr']",115,112,63,77,113,80,FALSE
"['tenyr', 'bcpdvhjg', 'hldzfa', 'dmgzaw', 'dmluyxi', 'lqp', 'oneoo', 'hkvumkd', 'xqcblpaxv']",83,102,94,117,84,69,FALSE
"['bdbejedz', 'xxodhmq', 'pmqc', 'mnwdz', 'lmhmyviy', 'zwlv', 'lulqwryop', 'gvww', 'pnvjiztbt', 'yyhkd']",104,78,63,109,67,112,FALSE
"['ttchpfh', 'jwwiu', 'smnjzhw', 'ixb', 'jonijb', 'dgeorfgtn']",118,65,109,99,96,87,FALSE
"['bvrblxqa', 'wmlrerqykf', 'zvslt', 'sfyshv', 'iystoetki', 'hxysk', 'rbjw', 'wkykcz', 'aimmaxwchw']",104,103,82,79,114,83,FALSE
"['rkatjgfg', 'xhdstl', 'dzkkzxzj', 'lzqmacon', 'gmbtnrt', 'lawjhjzo', 'vxdzgwk', 'tfe']",102,117,119,75,62,68,FALSE
"['ebctwjfygn', 'mcxknzez', 'dwsukmnj', 'vwtdvl', 'fnjjnnt', 'adxdtnert', 'tltr', 'tey', 'avjceix', 'ovjtzhjz']",97,65,76,75,82,110,FALSE
"['pqb', 'eligble', 'vddc', 'tzmz', 'jhvprj']",115,91,116,79,66,109,TRUE
"['ncwwsxroul', 'iwmrxl', 'simtlnrzhi', 'pokc', 'bruilrlj', 'xqplflxkqi', 'ftklyr', 'yaowvagnm']",96,84,67,112,89,83,FALSE
"['bdz', 'eligble', 'tor', 'nrlpvyajbw', 'mii', 'cwynir', 'zrk', 'bnxoybasw', 'hzgkl']",77,72,67,80,78,83,TRUE
"['kdejhazju', 'apkxyg', 'ukmzspxt', 'swzhuthu', 'dyuqv', 'zzphumee', 'oujlxs', 'guurdog']",68,116,115,91,78,80,FALSE
"['doqeoex', 'uif', 'jvupr', 'uohglhor', 'yycx', 'fihjng', 'eligble']",106,109,111,76,77,80,TRUE
"['jpjfhn', 'vrzjltlhb', 'kxbipjqc', 'twlbramua', 'ousc', 'nqoeq', 'ptlh', 'tonyetu']",112,84,92,77,99,105,FALSE
"['onlpeqca', 'bqnlsjkb', 'jpj', 'bycopw', 'loal', 'yhzg']",107,75,83,107,60,88,FALSE
"['eligble', 'tsrcpcquk', 'dhatganlm', 'rzkuuxexgt', 'rho', 'ppmjk', 'fifu']",112,73,78,109,64,109,TRUE
"['etanotkhe', 'ikmbx', 'cdatwdnwp', 'kzxrfbv', 'fpleg', 'lwjmfksbj', 'pkhzl', 'eligble']",73,104,67,119,93,63,TRUE
"['fljydabllj', 'rdkrfn', 'uedrcl', 'ltdazstk', 'xifgo', 'rkxkl']",77,61,114,95,89,115,FALSE
"['ejaqeqaod', 'zrnfxy', 'mmgfluf', 'cgeedqas', 'xjlcsdj', 'npwmxnhvx', 'orlgfed', 'vlwmvf', 'aed', 'vdyzgb']",77,112,82,96,87,83,FALSE
"['mcte', 'znc', 'vuzlwai', 'roxjcxtvm', 'vxqpgfqoxt', 'vvgyiwd']",64,82,82,73,73,103,FALSE
"['pbnwout', 'azjw', 'iyydjxaso', 'eligble']",86,87,85,62,89,72,TRUE
"['bsnitrwfrc', 'eligble', 'sow', 'svd', 'lwzibtxun', 'gugt', 'ooaiqim']",82,87,78,116,107,68,TRUE
"['bharfzvalx', 'fkwaueuzp', 'gdgsdjuiwg', 'fnmadir', 'fzmdgqwsm', 'giv']",77,74,65,95,86,118,FALSE
"['lhketlywv', 'lraolmz', 'vtz', 'jtfelkarab', 'cakqopauz', 'ptjfi', 'pejlicd', 'urup']",91,72,70,105,73,82,FALSE
"['bsqvo', 'tlbsdwxzis', 'zig', 'mharlrnpc', 'oce', 'eligble', 'lckmiw', 'gmnrlftgn', 'xuwc', 'eefxqjzwi', 'kkxiprtqa']",104,105,69,67,74,117,TRUE
"['erfecwnei', 'tdgvm', 'tooynlcqs', 'ncrvxbnoea', 'clkbzpqaq', 'lurx', 'zfmiqedpws', 'srmm', 'hqduizc']",70,116,97,79,76,108,FALSE
"['lwii', 'ilgjbst', 'fuahsblanm', 'guu']",88,60,110,104,102,91,FALSE
"['bfigimlnty', 'ruil', 'dhloz', 'gkuusxjsa', 'anmt', 'gmwcotsdr', 'qhzxo', 'tmbfksruhm']",98,62,79,116,100,87,FALSE
"['etwhz', 'aowiczdnq', 'mspucwp', 'xaadcb', 'rgyd', 'ptkaq', 'hxmgs', 'zwxe', 'auyjjb']",84,102,78,73,87,101,FALSE
"['pmoycxbah', 'nqjgypd', 'hzlxyp', 'eligble', 'fhuqar', 'errilp', 'eylrlf', 'nmq', 'eiefiae']",111,108,82,106,118,97,TRUE
"['liowf', 'nxhu', 'rityxy']",65,86,102,91,102,87,FALSE
"['rmenyp', 'amoczxhtrl', 'eligble', 'gsjyft']",70,76,109,60,62,76,TRUE
"['pntflnz', 'amseokme', 'cakbaz', 'dxghgdb', 'gkiagm']",109,110,68,102,117,77,FALSE
"['ssvhaap', 'nvjaigu', 'oznoyufw', 'wujm', 'kwnqf', 'kywcbacdmo', 'ywgf', 'wrn']",76,63,72,61,116,88,FALSE
"['rvqrciht', 'gnlfyx', 'ugzbecfaj', 'mrztoxg', 'oizsh', 'ngp']",115,85,71,91,116,99,FALSE
"['woeeqjgg', 'tbrknszdh', 'pdhwwjtcle', 'kwkyowj', 'hhtj']",107,96,97,114,108,61,FALSE
"['qws', 'pwnhelioe', 'eligble', 'hhtaixy', 'jlv', 'wbncjgxihn', 'xgj', 'okotldkmi', 'swjijr']",61,69,75,119,120,96,TRUE
"['fyoyczlw', 'umjpeste', 'cebw', 'lxpc', 'pqu', 'tdfm', 'fiuy']",82,68,77,105,87,66,FALSE
"['koczp', 'sqz', 'nbrcewwp', 'fujxqgbkt', 'hhsmgfv']",103,84,66,77,61,84,FALSE
"['sugsocew', 'mvsfsdjin', 'tjqw', 'eligble', 'xhxgjubg']",67,81,114,112,64,96,TRUE
"['vmcxf', 'djnisds', 'nbovubahy', 'cbpslsqi', 'dfww', 'plvg', 'ktd', 'bbhfx']",87,69,75,113,93,91,FALSE
"['wzlrcn', 'hvvt', 'sgagrrkka', 'cthd', 'hfvfox', 'eligble']",85,74,102,118,110,62,TRUE
"['bdsm', 'xkdwhhj', 'gki', 'mdlqtwu', 'gjrvq', 'uajgbygxj', 'yyvar', 'wlzofqjhcn', 'tyfut', 'ekzxfzst']",101,90,64,84,115,83,FALSE
"['cis', 'qvi', 'fbmdozedvn', 'dstemvav', 'vop', 'mviygno', 'exhvhuq']",89,94,91,62,98,84,FALSE
"['aittciyqx', 'blhkmnjx', 'hnzz', 'yzdbcmaxxv', 'kjqpttksvm', 'chgf', 'eligble', 'ghrfq']",71,93,113,119,93,63,TRUE
"['qlzwd', 'belhbhw', 'sktrfacv', 'hailrb', 'wxd', 'mwnkr', 'nkwan', 'zakfzvruta', 'wjx']",117,83,93,110,108,114,FALSE
"['qpfjectgue', 'rvaxrxnz', 'eligble', 'wpebf', 'yzvyce']",105,107,72,80,79,95,TRUE
"['xkxsv', 'dis', 'zhylftmzrl', 'ullcgvil']",107,76,113,74,84,108,FALSE
"['qopguaw', 'sksfw', 'ozziqc', 'xdsgfzvvws', 'nluawm']",114,102,87,85,89,60,FALSE
"['sydzgcdz', 'tmykiksu', 'rbrkxkybm', 'eltcu', 'gibwm', 'sutpnhv']",60,85,105,72,82,109,FALSE
"['apwxqxli', 'mpfl', 'zzhvyg', 'syj', 'tjsxcgnxrn', 'qdkfur', 'eqyuqpe', 'jhmdxz', 'jit', 'vbaq']",95,76,102,110,60,118,FALSE
"['wtkmcsd', 'qqkj', 'itoyqxkt', 'obljoqnofo', 'boaw', 'eligble']",97,91,118,98,64,81,TRUE
"['fvqu', 'tdboj', 'lwf', 'bddpk']",91,115,88,100,85,69,FALSE
"['nmprtnzv', 'eligble', 'rxhbwnn', 'qltazqqt']",95,119,70,95,98,64,TRUE
"['njxtdjvg', 'huaorqup', 'gjp', 'qyfs', 'dkrz', 'hpzlzc']",113,73,71,115,116,114,FALSE
"['dmitqzdwuo', 'okxvjidh', 'yjdij']",104,86,61,90,111,88,FALSE
"['gztudp', 'ddqbedh', 'wab', 'kehkgtgnhx', 'tof', 'ogj', 'qqcwmiav']",100,93,106,83,101,91,FALSE
"['eeejd', 'iifmlox', 'iwwiutvwp', 'cauaegvqvd', 'fle']",60,61,84,114,106,89,FALSE
"['tdhud', 'ldpk', 'mbejibocd', 'eligble']",113,102,107,90,74,77,TRUE
"['cru', 'xmtbgfanag', 'gpaynwucjd', 'bpvhzrbxhw', 'xgbwmcpqtj', 'jqdfmibxir', 'rcaka', 'qqbn', 'icscnhync']",102,95,99,101,89,105,FALSE
"['urhlekfgco', 'cdlgsemetz', 'agonv', 'ijjw', 'ljxwzspycs', 'buyjyy', 'jvn', 'irresxdd']",120,117,92,77,72,81,FALSE
"['iuvh', 'zmewoppf', 'nuvhjxr', 'wbh', 'wqwrslsxx']",79,60,115,87,69,98,FALSE
"['magfjzo', 'eligble', 'grxsjqd', 'llbgyyow', 'rmkz', 'yiimae', 'jsivtnta', 'rcc', 'hytfamezgj']",93,97,81,82,110,109,TRUE
"['dpvrgne', 'khoqvqz', 'bqn', 'tvgjoxn', 'txtiyosbr', 'zuxyxki', 'cpkjbve', 'rfo']",86,66,101,77,62,103,FALSE
"['jstuhjlspe', 'mobow', 'eligble', 'nfqjqa']",83,108,69,63,77,92,TRUE
"['jswmuzmf', 'cxvavmysal', 'srvwbkamo', 'qtgyb', 'zvofvunbi', 'lkosukxv', 'kdkptx', 'yuoaw', 'lii']",78,83,105,93,69,91,FALSE
"['vriywogsw', 'nzfi', 'hwhrp', 'zbpknhzbo']",109,89,113,63,113,115,FALSE
"['vkvsdev', 'vgmpl', 'eligble', 'mebvu', 'fxsckff', 'elxvl']",98,105,91,117,61,78,TRUE
"['lnqlogvj', 'slkmceqt', 'dfqbwdrxq', 'qxfbjnkvv', 'bxtiwp', 'joumhla', 'aqfze', 'lkjmd', 'hqrcv']",74,107,68,114,63,105,FALSE
"['sqhu', 'ymthuj', 'eligble', 'tftky']",79,105,83,118,118,85,TRUE
"['dvyufy', 'xbpac', 'unggkwgy', 'zur', 'jxjbj', 'msyqtzohq', 'mqoqujwxmx', 'ofs', 'ryt']",116,120,79,80,119,112,FALSE
"['eligble', 'rti', 'ktv', 'ihlnb', 'jrabpf']",120,72,66,99,100,93,TRUE
"['eligble', 'bpllcrhmh', 'bkd', 'uem', 'eacjkutltm', 'uuqag']",108,106,109,112,94,60,TRUE
"['gwcz', 'jkzlwpwks', 'hfubpxw']",95,97,68,61,94,90,FALSE
"['mxewkxjj', 'vktl', 'tntix']",77,97,85,91,87,89,FALSE
"['wntqdr', 'poc', 'gmbntbjw']",100,120,83,87,92,83,FALSE
"['kqedkxi', 'bmybitfvc', 'qrhnwqjkh', 'gjjobieiy', 'sgsa', 'ufywcebvk', 'ixpkxib', 'gyizc', 'hduiz', 'rvowjmjzyu']",65,104,72,114,119,113,FALSE
"['ezmnagew', 'xhrkxecpx', 'abg', 'kloyrh']",99,88,102,73,117,86,FALSE
"['gjsxhcphb', 'vxvy', 'saspsnvxgs', 'ihghzi', 'mwzyoai']",66,77,98,67,85,91,FALSE
"['eligble', 'ddetsowmql', 'qkb', 'dkzr', 'uqyycgal', 'lutlcium']",120,79,86,120,93,67,TRUE
"['tcq', 'lvkbrurp', 'nosyorquae', 'ebepin', 'flc', 'uvopx', 'kjpoid', 'daqebhuyhk', 'ozfxehhr', 'xoaxo']",97,111,87,110,102,69,FALSE
"['uel', 'qzxbifdpxx', 'wmpgxfyv', 'ejrox', 'auf', 'yydptbnda', 'lfhit', 'ink']",94,78,117,105,73,67,FALSE
"['mkxz', 'dlllq', 'xdqyjxlt', 'mvspik', 'ufalomf']",82,111,98,70,117,89,FALSE
"['potkowua', 'eligble', 'wcmgwo', 'ffxyrxaf', 'qhdyki', 'bza', 'bdohl']",102,83,120,77,65,89,TRUE
"['xkfgdbzrvt', 'jlfoyhattv', 'qedlpdf', 'jomuqxy', 'utbvlo', 'rbunz', 'fyg']",80,110,69,103,81,60,FALSE
"['bna', 'eligble', 'ndmqq', 'mqeyqbtax', 'erysphuimg', 'prrooktsbh']",94,75,114,98,79,83,TRUE
"['efssjdcmxu', 'syvx', 'dry', 'vjknlanbmo', 'bnnpyixl', 'spfo', 'dtxwi', 'sdnb', 'wyf', 'prwo']",73,96,77,110,117,106,FALSE
"['eseotjpnc', 'dxfzeik', 'pvpqhxkhx', 'jiigjpap', 'ijrc', 'eligble']",80,78,103,81,118,117,TRUE
"['swcnr', 'umihjk', 'ibtdzvkzxr', 'wdxm', 'eligble', 'swzocarbb', 'rqvcjwruog', 'xas', 'mzruzx']",76,62,72,98,114,61,TRUE
"['ihgxndwfb', 'fmvuihfz', 'eligble', 'wkyegteii', 'fuh', 'yorkz', 'cdfgkqozgi', 'pvwj']",77,66,80,82,118,72,TRUE
"['slwhko', 'foyiluv', 'loemghzn', 'msrkvmqoek', 'pkxjdc']",99,96,86,60,72,77,FALSE
"['bwhud', 'fejee', 'rivwaptec']",116,99,97,106,83,69,FALSE
"['zgv', 'hbcdk', 'rzyk', 'sontq', 'atueigp', 'yyhva', 'bveiqxuyv', 'gpkzd', 'mwiemwjxa']",69,76,115,87,104,69,FALSE
"['fkq', 'xcwnmdiiqe', 'vqsvgbfynb']",81,114,82,79,114,102,FALSE
"['crfzmadb', 'wtmqsedxi', 'yyam', 'phhldcmv', 'htiqrv', 'wknjhaobf']",119,76,85,112,104,107,FALSE
"['yjnlcklkf', 'fdalyqalny', 'yoscbekig', 'ckixct', 'bofxfskko', 'tvg', 'xzraqoulu']",78,114,102,65,62,78,FALSE
"['zdmcvo', 'beilszkvm', 'lsnrv', 'qmzlagm', 'wqmos']",103,63,69,91,111,112,FALSE
"['eligble', 'frphdkvohs', 'oogsprs', 'whtxmfylb', 'anapialgpn', 'fshzshvrsk', 'fczru']",113,101,120,74,76,87,TRUE
"['svxfxec', 'wgv', 'venwcblc', 'zqpcgaec', 'ngm', 'eligble', 'byrebkjwuy', 'egacljo', 'zgjzsdv', 'kkwtrwgkw']",72,84,104,86,111,99,TRUE
"['ngy', 'vvgeodzrm', 'obehv', 'gufiayypys', 'gko', 'zopulifaq']",89,60,104,62,86,62,FALSE
"['gyy', 'kqos', 'trjxuvgvth', 'bpnufoyu', 'hkzltppbu', 'cymex', 'ggigict', 'rnnner', 'fyf']",90,105,78,80,117,72,FALSE
"['eligble', 'ytpumsn', 'bmucb', 'nbootq', 'bzholinomw', 'eop']",93,97,108,117,69,102,TRUE
"['vfkrmv', 'qzbyoguygd', 'iupf', 'ygmkemjq', 'ogrnnhphbx', 'mkql']",81,101,95,115,115,102,FALSE
"['csn', 'ysio', 'avwqr', 'zkfwy', 'zeqijwju']",78,110,62,63,106,94,FALSE
"['arqehrjhg', 'cdbyr', 'kjnxx', 'nirfzz', 'rnhklbyxb', 'jqkxxwfg', 'vlbwnmor']",68,93,80,77,105,93,FALSE
"['rtlydxgaa', 'eunu', 'vwirxiqw']",74,63,73,96,63,117,FALSE
"['yknvtbbhz', 'efvyo', 'xviaf', 'ywvc', 'ofq']",92,103,88,86,65,65,FALSE
"['bpm', 'nlqj', 'tcpoicoyve', 'hjl', 'ozllfaomx']",67,72,92,115,116,65,FALSE
"['rndruvbsh', 'nubrxu', 'gqckg', 'xnt', 'ozqnrv', 'dkdr', 'upnxtgsz', 'qsmx', 'amhixsby', 'spfqf']",94,112,119,116,93,118,FALSE
"['ezeetk', 'kinjua', 'bxhixeqlda', 'ian', 'oszcbx', 'sxlnph', 'stkocjnvmp', 'tswijj']",72,77,62,113,119,81,FALSE
"['zphtnzcet', 'agzba', 'puwou', 'ckfbn', 'rwlhuf', 'sqwbbjz', 'atqxhix', 'mgdbe']",105,76,119,69,104,92,FALSE
"['rdrh', 'oarn', 'wwx', 'glycbdam', 'rofjekpi', 'gyzrslx', 'eligble', 'dnozwkt', 'nbathbqx', 'nogpy', 'flhiat']",115,92,113,84,66,103,TRUE
"['lawlkt', 'hwkz', 'knpphk', 'egacjxq', 'idw', 'dfalfbrwmm']",74,90,105,67,60,85,FALSE
"['tddyzrqgjj', 'qrkxadi', 'fsapvo', 'gdahc', 'eligble', 'izwa', 'mvt', 'pxbdvkqmmp', 'mbm', 'bfrot', 'ulv']",63,88,120,74,60,69,TRUE
"['qgfi', 'ilbbxizr', 'vujurd', 'jpyppczw', 'czm', 'guj']",62,68,68,63,119,79,FALSE
"['eysxs', 'lhjmpsaf', 'igqlgjlt', 'boebu', 'nkus', 'eaaytyytjq', 'mzm']",66,95,83,82,89,101,FALSE
"['luekl', 'yytwdfekf', 'tsl', 'lelkp', 'ifydavxjqi', 'qcn', 'eligble', 'fmlwncl', 'asoggah', 'uoszcfrctd']",84,79,105,70,64,83,TRUE
"['odocfkxy', 'bguc', 'tfhh', 'hhijrvpbnw', 'pnu', 'swixrsorti', 'mjkm', 'uhz']",74,78,74,113,110,111,FALSE
"['pybkpswmh', 'ykmhw', 'isqgx', 'cthynex', 'jhqvcmk', 'flujpta', 'gtghh', 'ddrgxlckgd', 'moaappe', 'hkxrknpa']",65,89,67,102,104,114,FALSE
"['iphngm', 'rpqedv', 'qfx', 'fphvxixhz', 'apbajg', 'wzh']",84,101,101,87,68,112,FALSE
"['xrj', 'hcihymma', 'out', 'abl']",64,74,70,67,119,109,FALSE
"['swhcb', 'ltskcfi', 'dldmlmj', 'lyrirr', 'qgaaspdbm', 'aemqzq']",94,120,75,73,65,77,FALSE
"['rpaq', 'zqmyh', 'eligble', 'aciy', 'igdu', 'nts']",77,83,95,81,68,117,TRUE
"['bnxqkhimty', 'kaouucxry', 'lcorqmb', 'sipxzqxxq', 'chgssev']",70,72,93,78,83,83,FALSE
"['motgtoad', 'pcfqketsf', 'emfizd', 'laalnbop', 'pbjbwyyxnz', 'neieym', 'kocoqmfyk', 'fze', 'dmh', 'nhbdb']",71,110,79,74,87,110,FALSE
"['czi', 'ras', 'uord', 'wjvnx', 'ltvgk']",83,102,98,102,80,85,FALSE
"['lczk', 'pcscvw', 'dqfmosv', 'ilfwhitb', 'pzgmn', 'dvl', 'dsjl', 'flfxb', 'hsuaxdjurs', 'yckrdcua']",95,98,115,92,113,60,FALSE
"['ypxufnr', 'towsi', 'wzdpem', 'aoifsaa', 'glvfitsd', 'zojeudb', 'xjg', 'hlbqlmzaul', 'kauo']",95,75,65,84,101,91,FALSE
"['stowi', 'bkh', 'xxsdfqy', 'whcxrkvw', 'eligble', 'wvnfzj', 'imux', 'xqc']",111,68,86,76,75,113,TRUE
"['nasxwz', 'wity', 'jnirw']",78,117,118,110,69,72,FALSE
"['dqssfyebay', 'jsvu', 'sixpdzi', 'awjtdvwbwx', 'khmgm', 'fcowrqfu', 'pmfka', 'xrgs', 'convdiy']",95,112,64,111,70,111,FALSE
"['loawsllja', 'pxuaju', 'prkseu', 'shxoxxdd', 'hab', 'wjlfc', 'bxj', 'srm', 'uizmsxmrp']",112,82,67,116,91,90,FALSE
"['aztn', 'hcqrfe', 'yfcodklmiv', 'icfzgxhm', 'ldvghupzk', 'qdkbl', 'bagpyxqlg', 'vgntw', 'uzzd', 'eligble']",60,77,112,88,113,87,TRUE
"['rqoicxrie', 'ndye', 'tymgcd', 'nbsnmx', 'eligble']",66,62,86,69,114,85,TRUE
"['csqlork', 'rceauhyyef', 'rrgdpisw', 'heht', 'cwkgz']",102,64,118,80,112,68,FALSE
"['qaxpp', 'wygcvdn', 'eligble', 'wyliftnb', 'aywyqvc', 'yntmqc', 'teatigkho', 'beqll', 'kqknfgs', 'sko']",120,82,71,109,116,61,TRUE
"['bxzzflab', 'ymit', 'rposlj']",66,106,87,79,98,114,FALSE
"['eligble', 'amef', 'rarsopwj', 'mnyyx']",74,81,75,103,113,104,TRUE
"['qhxng', 'mknuy', 'onsdx', 'wtbqbtow', 'cgdzcqtjh', 'fjdqtax', 'ikkebmqxic', 'obdmyu', 'aprnzyvt']",113,60,72,85,91,101,FALSE
"['tydtf', 'luvjxx', 'lrawsfbep']",106,115,81,99,119,105,FALSE
"['kcueoe', 'qmmewtffe', 'hngnezyzzv', 'ulngxvd']",74,119,95,82,114,69,FALSE
"['gntunn', 'nerg', 'jemlgiagas', 'wsiq', 'synmp', 'eligble', 'pyz', 'tvqs']",67,114,71,101,87,114,TRUE
"['jdpv', 'nwnxpagtka', 'ppy']",116,80,92,114,101,69,FALSE
"['pylwtcbob', 'kbefzwbub', 'itlq', 'yyb', 'dgzzjd', 'lxmjdciqa', 'bwpl', 'adyrf', 'ahkit']",110,69,88,66,113,65,FALSE
"['yofdzppo', 'bjdphrduew', 'wdx', 'hayttnq']",71,116,114,102,103,112,FALSE
"['rpnbzfrlvu', 'qmjgbhlplt', 'dyoxbbt', 'eligble', 'oebw', 'ganrm']",99,72,110,86,77,78,TRUE
"['zopctrx', 'wjgzh', 'fcuzs']",68,98,98,114,104,107,FALSE
"['eligble', 'bgtyvwdc', 'guauvugh', 'blxgdnluah', 'cqwrpeizxm', 'aokfqvabeg']",77,85,105,106,84,107,TRUE
"['qit', 'objphsu', 'sqw', 'eligble', 'aqdldh', 'nxttrhgegt', 'eggjromcy', 'hoddzemrm', 'zkrfjugm']",79,61,116,66,81,90,TRUE
"['gngxdc', 'begxur', 'emtywdxqd', 'yyfuelogm']",78,64,109,61,84,91,FALSE
"['xjrdcxdmr', 'vqyrfrx', 'eligble', 'tvpc', 'hhqtfbsrh', 'fim', 'krdzhxwnwq', 'fesecxekjq', 'gajy']",84,97,97,93,71,116,TRUE
"['yriahewyb', 'uqwvdl', 'sepzi', 'ppflcetyt', 'pssue', 'ibempy', 'qaicr']",110,104,107,75,67,102,FALSE
"['ylzakwrqh', 'uidaqy', 'zntud', 'znb', 'gqjegb', 'jgshs']",92,97,110,78,93,110,FALSE
"['vskb', 'pkquldlss', 'mwqcroxtz', 'wsm', 'ocrwdkw', 'wwtkxecqtk', 'zxfjjsi', 'ikq', 'eligble', 'ztnvjzo', 'rpkdayp']",89,63,74,90,69,112,TRUE
"['djixnwipaw', 'lqvpazefdl', 'hcat', 'ifoc', 'ilxliskzn', 'iqcqhjb', 'cse', 'ydn']",88,100,101,88,90,74,FALSE
"['eireyualv', 'tmplreuh', 'zef', 'eligble', 'ueaufxv', 'mwqnyt', 'cgqzsuj']",102,115,110,67,82,62,TRUE
"['egfemho', 'dwrizb', 'ezcjlwvye', 'eapdzt', 'tkei', 'rmajux', 'ftquyaf', 'hbnozjgj', 'xivuwe', 'ujrxghx']",73,103,104,119,94,87,FALSE
"['xiw', 'opnfq', 'drgyi', 'ahakrsoq', 'uboxbgnn']",74,80,114,110,81,94,FALSE
"['fverzjjuto', 'iajrqa', 'syam', 'lfwrpe', 'ibneibybm', 'jmskto', 'tvr', 'vefx', 'dgmygrnq', 'icblyyk']",119,112,102,76,85,92,FALSE
"['ksj', 'xnutdg', 'llaokzimh', 'woapx', 'pkfksmcutw', 'wygpuccv']",108,114,106,102,110,74,FALSE
"['bxjgjraap', 'jjcbduzt', 'eligble', 'yzq', 'oxgjdhiy', 'ummmjz', 'jjdbcdq', 'xoclgum']",64,98,92,116,119,68,TRUE
"['cfn', 'dxcmmstzz', 'spet', 'lfknjc', 'xnjdnbw', 'dsvsgn', 'azw', 'emgksglbu']",82,74,83,109,87,117,FALSE
"['wxgjx', 'qtnrdvrgd', 'dprwwxpu', 'dksx', 'kuyhfsml', 'zofzv', 'yeizl', 'eligble', 'jnwmd', 'gxj', 'crmaww']",69,110,64,84,94,109,TRUE
"['xexvl', 'fdnwappfet', 'eligble', 'pbzild', 'xqttqvcv', 'xlcrehc', 'zjzyk', 'xlbhqgkoeq']",70,100,94,116,94,61,TRUE
"['igk', 'xfkw', 'ozltvu']",66,73,70,87,112,86,FALSE
"['znaj', 'wywrbpu', 'glsg', 'rrjlbfhfv', 'dzrvs', 'oamktf', 'pow', 'stentfyxm', 'mzugjryw', 'rqdforlse']",77,78,91,100,107,112,FALSE
"['lgywfqvj', 'vqzkyhdx', 'eghshwp', 'jqyjufw', 'goloob', 'kqmgxghfvj', 'tizitmip', 'eligble', 'csomttnrp', 'utcts']",107,90,113,108,74,108,TRUE
"['rvdzesz', 'ktttkt', 'rnxujyajpe']",111,74,64,87,80,91,FALSE
"['ulk', 'yrhwpviml', 'uisjeb', 'vmaekybgw', 'galj', 'mxhpnldf', 'mwfnff', 'ihwirmddx', 'hfyaszjbhh']",85,91,61,96,60,71,FALSE
"['eligble', 'fegdznuidx', 'lhd', 'zdry', 'nuqlgmg']",94,81,101,101,68,64,TRUE
"['ppwcea', 'vrsxwej', 'scmm', 'rcbid', 'fezyqfc', 'zhgsplggoz']",95,111,91,109,81,92,FALSE
"['bryl', 'hmddf', 'knyxw']",66,95,71,79,99,90,FALSE
"['qwsy', 'bdsdg', 'bzylfifx', 'vpxax', 'wuq', 'flomsyjli', 'llsa', 'secdr', 'xvx', 'jdtoemyx']",79,119,99,91,107,66,FALSE
"['glf', 'tojh', 'ewjibz', 'xwfnadhfg']",94,102,85,87,99,63,FALSE
"['nwm', 'rezcf', 'dlbhe', 'eligble', 'glpkaetgdn', 'mcwr', 'tckt', 'dkxwgnb']",85,96,69,71,98,98,TRUE
"['lorpw', 'fcn', 'ghfwt', 'yabhxrz', 'oewhbh', 'weha', 'mof']",107,90,97,107,69,104,FALSE
"['quyz', 'tjfiduq', 'xfvpxvem', 'ksdmtko', 'lgryiqug', 'ouxahijsbm', 'xztpalz', 'urnlnifou', 'ridqk']",80,76,97,87,92,101,FALSE
"['erh', 'oxjioo', 'asuunrjop', 'zmhlttrgxk', 'cbljwcx', 'auuye']",79,120,94,95,89,78,FALSE
"['ckjc', 'gixto', 'iiy', 'zyzfisny', 'hgprl', 'fbrb', 'foktmblir']",90,66,112,111,63,89,FALSE
"['llzllx', 'cmawyuv', 'nautqkhycm', 'rrixnov']",75,103,60,118,101,60,FALSE
"['huert', 'bjbnaftbt', 'vheb', 'tqscpq', 'bipzejatu', 'fbbglcus', 'bqyfx', 'qnutv', 'jeysdfrp', 'xqjmos', 'eligble']",98,114,96,112,95,94,TRUE
"['jocqmhkge', 'iyjkuewu', 'ykzwkdxw', 'bnkbw', 'ccixcjkirj', 'npjsxtfh', 'eligble', 'rhcnwpv', 'vqnhso']",85,86,69,91,118,77,TRUE
"['wvmas', 'tyj', 'jxqmagddnn', 'ryl', 'ciy', 'nkjxcau', 'ibi', 'sbbcl', 'lyatuq']",90,70,90,110,105,97,FALSE
"['zhs', 'vuovmn', 'jzy', 'ekti', 'icepgpzztd']",84,64,109,97,90,74,FALSE
"['oqdy', 'jwh', 'ngajuzxbzi', 'ukca', 'jowmd', 'ikh', 'vafvzhk', 'vcge', 'xwspwdiksi']",105,104,97,87,87,78,FALSE
"['ybxnhmze', 'qvdbkw', 'emsrrbg', 'hrlqkhv', 'yubta', 'jwkqsdtlz', 'ekgmtkjh', 'erckzodzv']",91,83,68,82,91,119,FALSE
"['wnni', 'wyyfldwe', 'eligble', 'pqm', 'quekzdmvhn']",94,100,102,90,70,70,TRUE
"['gylsncjf', 'udyuhvkwuk', 'imfqd', 'eligble']",102,103,96,89,74,92,TRUE
"['hfzfcgtoge', 'gmbmg', 'nlzmrbjtqc', 'tphbuxaba', 'fnhdjcsk', 'nauokyzr', 'fusdx', 'pxskbcl', 'cjafrrcen', 'eligble', 'ujseovnh']",104,112,83,73,74,92,TRUE
"['uvnozwt', 'slfpnls', 'hjn', 'vdkgkdfba', 'yyg']",101,71,64,79,111,91,FALSE
"['uav', 'jcu', 'attrcqze', 'quuyu', 'ffckxt', 'dpxsid', 'btmgvvkm', 'nwnj']",109,75,77,97,75,109,FALSE
"['kvecvaz', 'ivi', 'dmkkwyvmtb', 'zao', 'abxxuknxyd', 'qlrp', 'sgunborxwg', 'hqavfkwiwa', 'vxyhkc']",120,114,105,87,100,102,FALSE
"['fdewintwq', 'azk', 'dswrsydq', 'iprdnm', 'yzgu', 'knuvro', 'mguekcouz', 'xylwvlchvd', 'hkg']",76,73,101,79,81,86,FALSE
"['gkzug', 'qctrxvspi', 'lzkeaoo', 'anmoc', 'rdu', 'yvnudbg', 'tqmz', 'pjoxewjimz', 'mfyfqvxs']",90,102,82,88,69,113,FALSE
"['bdr', 'viium', 'bnvgaytmrw', 'bdjknrbdem', 'dflihuweoh', 'kxthjmo', 'tpmucuehr']",101,96,70,113,67,65,FALSE
"['phoihv', 'gxgmxzznp', 'lmvl', 'rgyl', 'fcdfaz', 'yrzxfthyv', 'pbayi', 'lpixmsss', 'sugzdsjpsb', 'crvh']",96,118,82,86,113,68,FALSE
"['eligble', 'zxlj', 'woamjbsvji', 'iiyhv', 'uigkumbsd', 'bjpeazttn', 'wvawk', 'zmflm', 'tyqels', 'ngsglwezoe', 'syf']",111,93,74,120,86,92,TRUE
"['qhvhhafv', 'eligble', 'uwwlx', 'rihin', 'mheuxvgke', 'dgwd', 'aofenlvgrk', 'fyfeov', 'riduz']",79,120,88,99,77,92,TRUE
"['khfzt', 'wwjgk', 'axzeoudxhy', 'lsctorr', 'soquj', 'bpecq', 'dsowcgjpao', 'ygtgyg', 'nxwafwuphl', 'ncxamchnvk']",99,86,83,113,99,104,FALSE
"['illojbkuez', 'ihxgfbb', 'smjerrfym', 'lhfcpzctru', 'ukjvwmn', 'tfbeed', 'mmjgyv', 'ftjp']",91,77,99,81,88,64,FALSE
"['yjuyumratk', 'zvcqzt', 'lfplpkuyc', 'dke', 'tzrstydo', 'vmdkpysnut', 'qtxkdnmn', 'exfnq']",71,100,68,66,64,65,FALSE
"['utfc', 'qxin', 'gknsd', 'xxmmrjy', 'tnrj', 'woigicj', 'ouizwzq', 'zdzbhxvw', 'yxrhdjzkh', 'hedlnzhjo']",68,97,94,77,70,115,FALSE
"['fkhnuheud', 'mbpzn', 'ifr', 'tvwwdwbdh']",95,79,91,103,79,67,FALSE
"['eimq', 'kuiwhzzj', 'fkrhi', 'etjspdkagx', 'tkcaxf', 'elra', 'fzxldgy', 'detuxmfu', 'vkaawc', 'ehuud']",85,115,116,107,71,78,FALSE
"['ffkab', 'eligble', 'iwxtk', 'bmoofhdil', 'jijyzhzzt']",77,114,96,118,76,80,TRUE
"['luhxavdgkn', 'fatc', 'xbu', 'vfpmhhxx', 'qbdauv', 'numxmv', 'qdhwtvqo']",83,81,102,96,69,102,FALSE
"['wehnvvy', 'wspzjbszp', 'ttjxrm', 'vkhep', 'gonfxn', 'ykdfpulnww', 'sgpdbfmvfk', 'nnb']",75,88,99,115,104,101,FALSE
"['dqvf', 'mrxoy', 'zvzu', 'vvmhpvanxk', 'rcrkrky', 'ppgugqzmuc', 'ngxtii', 'pllzh', 'fbfrhj']",81,109,119,105,85,118,FALSE
"['yjyp', 'kykonxkj', 'nxz', 'lgks', 'eligble', 'jznugz', 'sdvy', 'evgqh', 'uzbjzmvbwg', 'rhezptzf', 'qmchmtrda']",63,99,89,78,108,77,TRUE
"['ilrsng', 'wzhiqx', 'cpanhdcga', 'mzadqxrbgr', 'qvcbs', 'eligble', 'moqvbbofh']",101,76,73,105,84,90,TRUE
"['eligble', 'irck', 'ovtdopn', 'mcrt', 'zzo', 'heelql', 'rmtmx', 'ywdtdmrp', 'fuhomyeo', 'fkmbjh']",99,66,87,116,96,71,TRUE
"['adqz', 'qznaw', 'kyqhl', 'nidz', 'ucr']",60,72,89,71,96,103,FALSE
"['wwsed', 'btp', 'azoaexqrd', 'piaiuslola', 'hepo', 'xldmdxnft', 'vbbswa']",119,107,115,113,100,118,FALSE
"['tvin', 'irbm', 'tdt', 'xejy', 'ntaiyjit', 'rcokbboek', 'qowigft', 'vfwch', 'eligble']",77,94,88,85,88,109,TRUE
"['eligble', 'sivoczl', 'byvvfhpeqx', 'zyyyorlqmo']",100,63,82,109,119,112,TRUE
"['keqbsqej', 'mqcuhkan', 'ridlscnmro', 'vonhxmwqm', 'sjfptarn', 'ltgyrecsgg', 'emlug', 'pmqewp', 'rnsc']",107,107,82,80,84,114,FALSE
"['ojfecp', 'bpbnfibv', 'yhjez', 'twbrusdis', 'tyhwd', 'pzevp', 'odwixokf']",76,113,99,63,77,95,FALSE
"['nku', 'dsff', 'pskxlxp', 'fsvzhhvd', 'ozsczqly', 'ukjykpmf', 'fuk', 'nolycubz']",114,60,99,69,95,118,FALSE
"['aalvsdbcfm', 'xrbzjkbx', 'cjf', 'wrjlrrobcs', 'yfctvmvl', 'qww', 'prmzkkbu']",70,67,60,116,63,72,FALSE
"['xoypmtwhk', 'twmk', 'akfp']",109,91,102,113,77,65,FALSE
"['qffej', 'eligble', 'itluqghgvo', 'jpgtfiq']",60,118,79,97,80,93,TRUE
"['enjith', 'ljcgcaxtm', 'hbr', 'lnjynxhr', 'lmwncxedpp', 'tiacygoy']",105,103,100,111,90,62,FALSE
"['nqjd', 'fnoxg', 'qwmsq', 'jeds', 'vmartz', 'yikdljxb', 'xfpnwq', 'vxx', 'xxx', 'flcztvszhk']",96,71,119,100,114,95,FALSE
"['pxkhzwa', 'jra', 'bdod', 'tdulze', 'ldbasi', 'agq', 'ifyqs', 'atzdb', 'evqsmpdyjj']",93,119,78,94,111,102,FALSE
"['oqd', 'tjkxdzn', 'zcc', 'cjanu', 'wgsqmr', 'gqrtawoyps', 'izs', 'wmdcal']",80,82,105,81,83,91,FALSE
"['wwndyyry', 'ccracuxjtw', 'zlx', 'uhjigjry', 'wiksnxsr', 'toe', 'erxctrp', 'tsv', 'nlzg', 'quiersnt']",114,112,120,87,91,66,FALSE
"['zpptgjp', 'iekkqsbgpe', 'bnyyjel', 'khg', 'qnfsewqrzs', 'zkpxqvvyur', 'npakfi', 'gapsace', 'idouyerma', 'zrfjh']",107,84,86,96,90,75,FALSE
"['qzjyy', 'tduvr', 'vadwey', 'eligble']",66,112,117,93,79,62,TRUE
"['hcezsyhmj', 'rbhpnauf', 'tgmypzo', 'rixjaw', 'wuz', 'eligble', 'xtbjy', 'qyx', 'liogjrgnj', 'xotggbbbk', 'rntpq']",62,61,86,105,86,113,TRUE
"['knsh', 'kci', 'lavflpj', 'bfdeusw', 'dyrsmdxm', 'txc', 'lnetzs', 'qobynkn']",70,68,111,76,99,88,FALSE
"['btvqhykk', 'xnqwqvxwo', 'xyi', 'rkptha', 'dsnur', 'megwqvi', 'nil']",69,91,64,80,78,109,FALSE
"['hetoxkl', 'eligble', 'nlwfbnvo', 'crbgxq', 'fmvuvss', 'wauqivd', 'dimk', 'qdeegyjesb', 'mpzrphclay', 'nbssnwg']",85,83,102,119,85,73,TRUE
"['fhivnq', 'eligble', 'tau', 'qcnxprlbeo', 'nmnziorv', 'vjacmavhpu', 'kffsqwyyo', 'avc']",76,85,64,71,71,106,TRUE
"['uzfhhaly', 'zagb', 'oivdv', 'zaresmv', 'fjfbxsxu', 'gui']",78,85,107,117,91,92,FALSE
"['cswalm', 'lvvvei', 'gdxrcii']",76,97,71,78,66,97,FALSE
"['otb', 'jjp', 'bep', 'tcnzgd', 'rnlnjqtnv', 'eligble', 'syboslyqo', 'evaxzgniv']",103,111,102,113,63,84,TRUE
"['eligble', 'pokqhop', 'jvsueov', 'rlqtt', 'aejefhdfmb', 'gqjiurli', 'qgsc']",101,104,63,70,109,91,TRUE
"['xosg', 'fkyx', 'ksgdopsj', 'xojtuiacee', 'bfxsxa', 'ntu', 'vyy', 'enlauzie']",82,117,112,106,68,69,FALSE
"['bcenzet', 'muyg', 'bgmjkbjui', 'gqjsaavi']",68,94,75,95,63,66,FALSE
"['jmqwj', 'najfqfcw', 'ykizwlax', 'ucl', 'xpmwzogy', 'znjffciob', 'amxjxz', 'ttp']",108,90,66,92,114,108,FALSE
"['jlqemtv', 'wtyfway', 'jdtbfzl', 'hiss', 'lcyt', 'przvkn', 'izzl', 'nskn']",106,117,94,65,117,113,FALSE
"['dnomflnlal', 'stoaiumwv', 'veyzqmoewy', 'ebunyoy']",110,65,111,89,87,88,FALSE
"['sbtu', 'wjr', 'jvuurm', 'ypgq', 'skhhtpqjh']",86,113,87,83,95,92,FALSE
"['toky', 'wpq', 'yqbxon']",108,109,88,113,100,71,FALSE
"['ebimhg', 'zrcydql', 'uwhvgkefi', 'dipzvgstim']",71,78,77,99,110,118,FALSE
"['belyidbp', 'iyxzi', 'qebdutppte', 'tfcjeevv', 'ncws', 'ntkefvd', 'qizj', 'wlmnwpdqc']",97,103,110,114,81,108,FALSE
"['lxtfe', 'nhkzrvid', 'gbnxbww', 'qcj', 'zbfs', 'hrjwcyw', 'lagvpbq', 'nnvvzrjvk', 'hujcdj']",61,99,89,99,114,109,FALSE
"['cxvrepteas', 'muglcjzox', 'tjmyov', 'blhgccqle', 'ovdprebe', 'xbwudprj']",71,87,87,78,104,119,FALSE
"['uxb', 'bjv', 'rphac', 'ukxj', 'goxkf', 'ocegkp', 'ixhire', 'euissay', 'eligble', 'vzxflqvsip']",97,102,73,95,112,64,TRUE
"['tgnfwpjry', 'eligble', 'wftoa', 'wexibosv']",90,105,80,67,91,100,TRUE
"['kipyl', 'lyktgx', 'rjls', 'caoz', 'wzyodyvnb']",104,74,63,97,81,90,FALSE
"['bfnbdmoz', 'mis', 'azkxsetlam', 'auh', 'zwo']",87,80,108,93,119,85,FALSE
"['erowg', 'qfkcugwtt', 'ntd', 'libl', 'zvykccb', 'nby', 'vqwsyn', 'tzabklf']",94,75,78,118,76,95,FALSE
"['uuazbmkxow', 'rebdb', 'jusnwv', 'ifxficgrxl', 'roduuvp', 'eligble', 'khhfwnt', 'oebvha']",95,60,62,79,60,96,TRUE
"['rqd', 'dcgunwmj', 'lkohgj', 'rbcr', 'ktgktikg']",97,72,93,102,76,108,FALSE
"['yzwecpsv', 'pambpxjg', 'tvxp', 'pipedbpub', 'drumv', 'yofi']",62,119,112,102,60,74,FALSE
"['skd', 'mfnkxixucy', 'iou', 'ofxhrlzw']",116,112,110,105,107,93,FALSE
"['eizif', 'hnkbc', 'megvqarnjc', 'dkhlhhnhur', 'jwzgbq']",65,117,118,117,116,99,FALSE
"['jvy', 'prgdnlkbc', 'fafsyq']",88,80,105,91,89,107,FALSE
"['wlbh', 'eligble', 'rqadek', 'ekp', 'lqr', 'jakjjy', 'cka', 'frhr', 'smr']",116,96,97,102,120,104,TRUE
"['qpcye', 'utfwje', 'mvvp', 'psrene', 'firz', 'uuwtpr', 'tjhos', 'wobmtf']",107,102,117,119,95,93,FALSE
"['eiwzm', 'sqplqeo', 'wbaguqmmi', 'fxafyu', 'eligble', 'wdhz', 'exjcwtyqf']",84,61,74,95,68,90,TRUE
"['vwp', 'lsy', 'isji', 'hznjyxpwh', 'pcoa', 'vnzbn']",69,105,75,63,92,84,FALSE
"['snxe', 'lsepjqikz', 'pvzrtl', 'hkyf', 'xvxcrrjw', 'pjzsrejov', 'ucijy', 'tmkoojqc', 'lobutrl']",113,81,85,110,104,87,FALSE
"['hajdrp', 'xrb', 'nqhyhaejfd', 'gwqytfuk', 'yiaxflwjiy']",85,113,79,64,112,119,FALSE
"['jttpb', 'npdowslxik', 'pvohlhc', 'mwvryk', 'tuksaofm', 'rwrubobqnv', 'tfu', 'dyn']",92,104,65,94,70,77,FALSE
"['eligble', 'redsjvvv', 'xcrwqh', 'chnywliok']",60,65,115,114,68,64,TRUE
"['yswwngv', 'asgdvp', 'eligble', 'oyvwpeu', 'oqkugm', 'pabve', 'usn']",75,75,79,78,64,115,TRUE
"['esylzjegvq', 'viod', 'cdiyods', 'tiua', 'yphjtfknj', 'fydqza', 'cultt', 'dopj', 'dgmn']",99,90,83,85,118,76,FALSE
"['qanbh', 'qphsnjznq', 'itxduwnchh', 'eligble', 'ynsisxlqx', 'ucdgw', 'ujijro', 'cedxlgvzr', 'rhlx']",97,118,97,96,60,61,TRUE
"['snzxumqsfi', 'qfwwz', 'bgierqnefs']",120,73,74,107,85,68,FALSE
"['jimhg', 'fcskkztsh', 'cjuprgawrj', 'nrdemmu', 'bmev', 'bxkwmvz']",115,120,66,79,75,65,FALSE
"['wsokditbe', 'dmgipp', 'clajaand', 'zglsmqcm', 'shjkempmq', 'ohybzmgjyl', 'sllunfebjk', 'vxv', 'fsmw']",71,90,109,91,114,104,FALSE
"['qbwabqo', 'soxo', 'ikeowt', 'bsrf', 'dmat', 'opynivuip', 'cxx', 'gxa', 'hihqmmd', 'uzlyospa']",84,111,114,120,72,92,FALSE
"['hxlxfpl', 'nygfezrbrc', 'decnfvdjgg']",114,88,99,96,120,115,FALSE
"['atkecini', 'dmntcdqqvz', 'wpyihzvd', 'ovqkygyf']",106,99,96,85,111,119,FALSE
"['wgjzti', 'twumuls', 'ejqabsysv', 'ghyxhg', 'eiozgd', 'vqrpk', 'napmabm', 'uzuw']",114,113,62,65,98,63,FALSE
"['xnheom', 'fzozxyfmi', 'eligble', 'bozmqxy', 'zopnptslmz']",103,115,113,105,71,110,TRUE
"['pkeebpi', 'jtbt', 'fdetzosnz', 'bwq', 'gcdempiaad', 'dfv', 'xmxhv', 'dfl', 'xanye']",115,96,91,87,115,88,FALSE
"['nkatfvlat', 'kwvnj', 'pxpgbd', 'eligble', 'pjmolgc', 'bzlapgj']",82,98,69,99,96,85,TRUE
"['ksdwzybym', 'fmuxpmejd', 'nvgwguz', 'uutnx', 'nuc', 'ngneepux', 'nqy', 'acvay', 'dhjsahk']",104,77,106,115,62,108,FALSE
"['jvicbeg', 'uzcuaxcec', 'dfkt', 'flyp', 'hffraky', 'xphdgnhesg', 'eligble', 'duvgyndyl']",118,74,86,79,96,87,TRUE
"['gcbw', 'vdjopxrkw', 'pmeeb']",62,67,76,60,95,80,FALSE
"['hyvagul', 'gtyqfh', 'olwkwlvybh', 'ytw', 'eligble', 'cxq', 'icriifiv', 'yfwkzfqe', 'nwybn', 'lnzl', 'qjllh']",117,107,110,75,89,116,TRUE
"['jbrpt', 'mkgppceqpl', 'ozirzsh']",112,82,117,84,90,100,FALSE
"['qprvwk', 'jenkowvs', 'oaxggccgs', 'mzxqca', 'waqtbzj', 'dff', 'zenwqborqk', 'agf', 'eligble', 'elsd']",72,80,80,98,71,113,TRUE
"['jvylfok', 'aaoqp', 'tnnwp']",98,106,81,118,87,119,FALSE
"['wppjlnuyb', 'lhsegflaiz', 'eligble', 'bjbneks', 'rxoo', 'jthoe', 'kfjp', 'awsqpqohuo', 'armise', 'iohe']",63,68,104,61,105,75,TRUE
"['eligble', 'cku', 'axfrenl', 'prieyfhby', 'zpjmo', 'xaji']",112,112,108,64,120,65,TRUE
"['lsc', 'dozyomnhoh', 'nbcbssb', 'dbi']",104,70,61,89,111,69,FALSE
"['xemqjfj', 'eligble', 'hrmkac', 'nale']",112,61,77,76,119,116,TRUE
"['bvet', 'hnla', 'btwackr', 'twgovzcv', 'qyrluioz', 'vewe']",97,79,91,64,101,99,FALSE
"['dalddfofc', 'soigo', 'xldem', 'sbryopzz', 'aiadjl', 'rnk', 'axiurqxo']",117,96,71,106,83,118,FALSE
"['jzhwjos', 'axndrhv', 'mizrhalt', 'vmwcvjtaf', 'mtv', 'jqzotxc', 'scpalurxj', 'vvcv', 'piflafwirm', 'eokhedkw']",95,85,108,84,76,61,FALSE
"['ecu', 'hclayaw', 'ahruodv']",69,120,119,96,96,80,FALSE
"['drtfr', 'fqawosploe', 'vpr', 'unbg', 'flaflrn', 'tdwxxmjk', 'eligble']",91,93,61,74,82,71,TRUE
"['cdhkvjkh', 'gziwkpbsc', 'uqjmc', 'auxddkq', 'ozhze']",108,75,116,88,62,70,FALSE
"['uukapc', 'bmv', 'hkqazerwv', 'vxkeieipnp', 'wklm']",108,74,107,89,81,112,FALSE
"['yvblko', 'cnifcsxtei', 'kgjkfypavd', 'wbgfejy', 'cfrztvivhm', 'kmasvl', 'tdthreo', 'ktwhbfhld', 'oeen']",92,111,90,88,74,83,FALSE
"['uyrrbxlctr', 'gkui', 'ruiqvo', 'qgwd', 'cknwxigla', 'fmj', 'dpiaifc']",68,87,109,109,109,91,FALSE
"['knpohqbm', 'ljkrssy', 'mpkxumqnu', 'dply', 'hand', 'umdobz', 'bxe', 'vxt', 'ohpcjm']",102,64,102,118,105,82,FALSE
"['pfm', 'kjkgfirgs', 'xznaihwoa', 'ledgzs', 'kdoqhmsq', 'ftwiy', 'rpwv', 'dhfcn', 'oqnjcsipkf']",84,114,110,61,78,94,FALSE
"['zzxb', 'eligble', 'cszutvd', 'yjuw', 'jdhvlxh', 'fdqgmdegg', 'zwydiftkix', 'elku', 'pkttlu']",61,84,74,106,73,98,TRUE
"['xqhasl', 'xgwbjisi', 'azkqa', 'ziyevxppb', 'dyjnvynss', 'eijbg', 'eligble', 'onjw']",80,94,81,95,93,117,TRUE
"['aahzlnovl', 'lnqryjb', 'zntjnad', 'gdkhlflyg', 'ykxoqdcxfj', 'axph', 'ryxq']",119,108,61,80,91,88,FALSE
"['wdagz', 'fxptdox', 'vmbheft', 'ctbvlnn']",78,105,101,83,67,85,FALSE
"['odolihrsw', 'xyfkqa', 'qnxrpnpg', 'xbacetyk', 'wttrkq', 'uinwooqeo', 'ysomwj']",104,66,99,86,98,74,FALSE
"['auyvgwggsu', 'lfmowiyl', 'fsxas']",119,93,104,101,107,106,FALSE
"['mwhx', 'mtqlqzzney', 'fixttqp']",81,107,69,99,115,66,FALSE
"['hjzkeubi', 'srkx', 'kign', 'wpavzoes']",96,108,65,64,105,111,FALSE
"['fzp', 'uqa', 'myjxsvxc']",89,97,75,106,94,112,FALSE
"['gskzm', 'utooqpfey', 'rhtj', 'nvsfrmmznt', 'eligble', 'xoaxkvmsed', 'krghmntva', 'ldvmipwj']",74,93,77,117,88,111,TRUE
"['tipei', 'ycfurvb', 'ndegl', 'eligble', 'tyapotiqnj', 'ccgoibxwy']",80,97,100,103,62,115,TRUE
"['qdryikmtee', 'evtdetjwf', 'drtffualm', 'ucpmxxpk', 'fmfv']",100,70,120,105,88,112,FALSE
"['cecuxui', 'pydacksvhy', 'vnszs', 'wvvr', 'wjjy', 'xhzppj', 'bmflxefrrq', 'eptvk', 'ssh', 'ouxfscxwkn']",108,113,114,118,96,88,FALSE
"['agpwu', 'heiafxehfw', 'jcdhse', 'myjpgt', 'eligble', 'wsqqifsgol', 'rfi', 'opmwl', 'rtztmk', 'oteljloets', 'rrrbe']",79,75,79,64,96,108,TRUE
"['akauvarc', 'ulxckirca', 'aajip', 'snvjctmcp', 'rdsysglcp', 'vbur', 'kopuqnpyzw']",100,91,81,77,111,62,FALSE
"['zyeq', 'pwpw', 'uwgtmzzyhr', 'ojzjeepuos', 'rwnaslb', 'zpbmnr']",98,90,100,88,120,113,FALSE
"['rgzptarsf', 'zmy', 'gwnxenuk', 'kpdza']",94,105,112,112,87,62,FALSE
"['zdawkivngy', 'umpfshgogm', 'dgtqgwhh', 'eligble']",109,83,109,85,75,120,TRUE
"['avyayyb', 'mrlkinj', 'gfjmzhbzcl', 'cbdqwdllec', 'bqvsvnneo', 'rgwon', 'uxvypuybr', 'waklafm', 'xnd', 'hnm']",115,63,87,86,84,65,FALSE
"['iupugi', 'aijsxxj', 'zaanlktis', 'upkdecez', 'ufimevtas', 'rxvsezgmrj', 'fpms', 'dudm', 'eqbks', 'ygptg']",96,91,72,112,99,98,FALSE
"['awi', 'fvgpmmiuiv', 'lfkay', 'ztzvgsq', 'lbyhpb', 'vkeufojcb', 'vok']",98,94,90,79,64,83,FALSE
"['oikppeeeib', 'mxqg', 'owknsribk', 'wadgtk', 'fuybxcvwmw', 'jksjav', 'jjg', 'wbhn', 'zzfkodz']",113,91,112,61,113,110,FALSE
"['bdhzgkd', 'qvphecmcub', 'yelat', 'xipru', 'qrxtcux', 'xtzwp', 'eausgw', 'mhmw', 'nsnp']",111,106,103,114,64,74,FALSE
"['irlpg', 'fvecnzo', 'cebyuffhb', 'xaveqdk', 'hcidpfsn']",67,106,86,68,103,70,FALSE
"['yuut', 'edfp', 'yavgtnomhi']",84,66,88,92,118,92,FALSE
"['awta', 'uut', 'zjamryoed', 'tgamfqu', 'igbl', 'eligble', 'yvrz']",83,105,120,64,75,81,TRUE
"['cehrxmtif', 'tnaxcaj', 'hicjrpm', 'dvrkok', 'qowji', 'tkkyxc', 'lvtr', 'mautnxvizp']",89,63,96,83,74,62,FALSE
"['waza', 'lvklms', 'ovt', 'melxrqmzuw', 'unkjwt', 'svg', 'lltbov', 'ocvdsaaxc']",115,73,73,69,104,72,FALSE
"['amkw', 'kxq', 'wccmf', 'obmfmyig', 'jtja', 'eligble', 'xwxfkcuw', 'xdxfro']",113,108,70,93,83,78,TRUE
"['eligble', 'kzi', 'kec', 'zcj', 'nkn', 'dkjydq', 'yccyxbn', 'szamyaoq', 'tuazatru', 'dujvrugqzh']",87,116,69,69,107,112,TRUE
"['lpwuyck', 'hwsb', 'hfkee']",115,61,61,95,81,81,FALSE
"['emy', 'tkqqh', 'pirjjct', 'gib', 'pbft', 'kpmyyye', 'ldrhcjql', 'icp', 'losksacv']",73,66,72,106,120,108,FALSE
"['iugmq', 'jzqvxvup', 'wuoogy', 'iljhhlce', 'hkop', 'arpqpb', 'emxhb', 'cxjyjkesub']",114,69,82,71,95,101,FALSE
"['isvsxbuqj', 'sngcsmb', 'yzjuczqae', 'eligble', 'nqjyqynm', 'zjdvqgtm', 'ycmgopwao', 'hkwjhhxe', 'aeuac', 'luwfztkui', 'gnbakpfet']",80,64,112,93,79,94,TRUE
"['nhpuaftrz', 'omdwetsme', 'ytzjoiy', 'kqsu']",72,95,113,108,108,100,FALSE
"['rtqgerawar', 'eligble', 'rayt', 'aanluz', 'foi', 'brvsbsnkk', 'ndst']",85,112,63,107,66,99,TRUE
"['znbs', 'cpelme', 'renwxgbe', 'hxnc', 'jto', 'qoxzxtplyt', 'znphm', 'gychddxa', 'qoboe', 'wbjftys']",102,101,76,60,65,62,FALSE
"['aqsm', 'yfpyuwrnm', 'ifnyngh', 'ffk', 'kama', 'oexnjg']",93,63,120,115,96,113,FALSE
"['wuv', 'jeglzbuw', 'rnzufqwjc']",61,75,112,118,120,100,FALSE
"['oudmaf', 'lfwdboa', 'ouyocsjcq', 'qjbebjrp', 'iscrpxw', 'parnoky', 'lvn', 'shhgcwlw']",105,111,91,97,100,88,FALSE
"['eligble', 'njrbync', 'ydtrcfguc', 'hwj', 'cgrndt', 'qftjuazuft']",102,93,79,91,77,65,TRUE
"['imvy', 'nsapex', 'qsyxf', 'ysixsypckp', 'weycrj', 'lyisv', 'mxwf', 'uaplhawax', 'juamcbina']",78,92,61,71,103,95,FALSE
"['cgwmiiuyd', 'dabdrzqn', 'ewnanshg']",101,81,65,78,72,65,FALSE
"['hnotv', 'ayj', 'gvpwigf', 'qrw', 'tfqhl', 'xmlslocmax', 'csjyk', 'naoykdsvz', 'plg']",116,71,104,93,75,73,FALSE
"['iububzbjx', 'lym', 'qmux']",105,98,74,75,93,105,FALSE
"['yjygvs', 'cabsh', 'jhwzmqrc', 'rhjoqnb', 'llictu', 'ukdakbso', 'qsg', 'yyytmfag', 'yrjzimnbl']",109,112,102,108,104,72,FALSE
"['ykeens', 'fgx', 'vjm']",100,89,61,83,100,84,FALSE
"['rnusorrd', 'fdfmmoamo', 'eligble', 'ylmmsulm', 'cyoran', 'rkrejhm', 'tcrzzio', 'voyprtai', 'reaqubtt']",84,104,104,82,75,91,TRUE
"['aprb', 'okueymxg', 'foelbzj', 'caelqhkxp', 'eligble', 'oqzsbfmpe', 'estihosw', 'qfvdyjpg', 'axsetccjkw', 'oysd']",95,61,82,76,78,78,TRUE
"['mdtwfl', 'gkyiqdaywz', 'wldgby', 'wikg', 'gyjlw', 'katfhq', 'quyk', 'pdt', 'uszzz', 'vjmckjap']",62,120,101,85,110,120,FALSE
"['illybhze', 'ftgdlspb', 'eilpiyup', 'syar', 'yekep', 'bfdalypec']",110,74,107,119,117,104,FALSE
"['edi', 'gwaw', 'eligble', 'xjymnwr', 'cvjdhsqgw']",75,65,82,93,91,96,TRUE
"['lgvebox', 'tceejef', 'imyfl', 'enjynge', 'kdcyist']",74,97,113,108,103,80,FALSE
"['olokafbvno', 'gqrizqxg', 'xeairwjn', 'fhfqydphh', 'seyoeukyce', 'dcv', 'vjaksqemna', 'rilgbzd']",85,119,100,69,107,116,FALSE
"['wwwjola', 'zwjakrsx', 'jmmlxuam', 'dwi', 'eligble', 'ffq', 'qujoqemghv', 'dnmpwvzypz', 'nprhkn']",64,100,75,107,86,71,TRUE
"['eligble', 'tshjicjs', 'nol', 'pahvxvp', 'ltlkpbrz']",65,117,101,112,95,99,TRUE
"['orbkkuy', 'lngtzmde', 'mdw']",116,116,89,75,62,91,FALSE
"['fxp', 'qxg', 'ynmtjh', 'xkv', 'aikx', 'mycfpj', 'omljirddd', 'ymhzo', 'yvx', 'rjlt']",71,116,93,105,85,82,FALSE
"['ekxr', 'ccuew', 'limziqm', 'oerbyhgy', 'zuncuv']",72,64,104,108,91,90,FALSE
"['xffv', 'pfn', 'cuek']",79,82,82,68,83,78,FALSE
"['prbdj', 'wydirkgoxl', 'xiryhd', 'mfjuprbtt', 'ekgvbo', 'rtgfgzvuti', 'xquubsmxyw', 'eligble', 'etlivg', 'yeyqhike', 'livmidn']",93,69,120,104,115,65,TRUE
"['wjfvxumyw', 'jcfuusetc', 'okjmtbi', 'sypzmzoy', 'eligble', 'fcsnvcvy']",69,68,116,113,64,105,TRUE
"['djncmlowxl', 'eligble', 'tntsg', 'ivsg']",67,89,113,81,80,80,TRUE
"['sikeqq', 'jnokz', 'ercmvruwfs', 'mzyknq', 'eahctpi', 'eligble', 'xmuavomhz', 'olsihtd']",70,88,64,110,67,109,TRUE
"['ycu', 'mkq', 'crha', 'pqxcw', 'fimauwxt', 'azmole', 'ffvxbjnvu']",78,118,96,89,107,67,FALSE
"['envrezyfhu', 'qfvjkletdr', 'jqgdbrct', 'tmttsjhjl', 'kyhsynbp', 'ghvhrbpnw', 'gopsipmakm', 'xorlwgv', 'colxyhkru', 'lpqld']",100,115,72,95,119,81,FALSE
"['womxu', 'litplo', 'phnqaskmn', 'yapf', 'eligble', 'wfaftrsm', 'bylc', 'rqn', 'uvaheuy']",102,82,85,77,92,83,TRUE
"['kjmjzli', 'hpyvns', 'lxcqe', 'jldyukorp', 'asdogpdvkj', 'jihujzcmuq']",80,66,97,95,110,109,FALSE
"['lgyjpgzi', 'akvae', 'ojxwjgvugh', 'clvy', 'hnmh']",62,69,65,111,88,61,FALSE
"['gumoi', 'evkdws', 'ldlgbirex', 'ejhtovoduh', 'rxpphfya', 'dcazegv', 'eligble', 'bxca', 'dnhdvrnms']",98,78,79,62,70,119,TRUE
"['lyurcskle', 'kvdf', 'qlqnfafrgb', 'lgkgwkk', 'irpnoz', 'eligble', 'pcr', 'xminvsur']",72,74,94,85,101,92,TRUE
"['eligble', 'psoitaed', 'olqtvzxfw', 'zjni', 'vdksnnjm', 'jhrmvdvtwf', 'efzarydqz', 'ryqkxc']",85,76,101,108,113,105,TRUE
"['uwfztirh', 'xbzqszkxya', 'vucfu', 'thlbxsu', 'mdix']",75,62,76,73,86,110,FALSE
"['tmnfsb', 'prtfm', 'vfgu', 'eligble', 'pbhhdvr', 'iwvlhhmiee', 'dixa', 'axbyokp', 'znkbohpmlp', 'ptgglx']",70,68,83,118,69,79,TRUE
"['suldwwomng', 'pbi', 'pida', 'dwpuweyn', 'jcn', 'rkkja']",63,69,110,69,118,108,FALSE
"['xoircnvrp', 'knyhm', 'bsnybrcnk', 'krnudpges', 'umpsyf', 'tff', 'isbnbbtcei', 'gkswfkfttp']",118,87,90,101,84,91,FALSE
"['clxzlbvqhg', 'plgkknq', 'oerxpwmvdj', 'fqeebtgpbc', 'araolpjaw', 'ojzbkmvlr', 'mqfon', 'tkamhl']",65,62,98,84,92,60,FALSE
"['ucyzyosn', 'eligble', 'pnnvw', 'riveq', 'nlohnewjiz', 'gusslsfxcx', 'zkhjc', 'ejwpo', 'vqaldwngvc', 'zdckgust']",97,68,88,105,114,100,TRUE
"['ldk', 'jwiifrh', 'omurp', 'sgu']",102,76,92,76,104,64,FALSE
"['hzeiret', 'sgguzuwdmh', 'xzjhz']",78,85,112,82,99,93,FALSE
"['nrd', 'rjvptnykit', 'wfd', 'dkgvhkr', 'gvn', 'socjsvbtqc', 'stpvxrrps']",106,61,70,110,117,62,FALSE
"['gersfwoig', 'rugwzjh', 'amj', 'nyfbwzpesp', 'omjuxrrnqc', 'ejfanenzb']",68,109,81,77,93,119,FALSE
"['rwgvw', 'vzpoxwum', 'uxidn', 'hind']",113,67,88,104,107,61,FALSE
"['pjiive', 'lclszqgd', 'ljyoppjnzg', 'nxnjaba', 'vsuokmie']",68,108,68,97,81,119,FALSE
"['vfflvhwz', 'evcwsug', 'biuggxjgu', 'jmxtzlpvi']",68,98,104,70,60,92,FALSE
"['viv', 'ycj', 'pbno', 'epkuold', 'zwabqp', 'qyfynb', 'fezws', 'wimejx', 'wgdj', 'dxz']",102,71,68,69,116,119,FALSE
"['sfryxbtef', 'bfehibfl', 'rdhbzaqbla', 'bjjxf', 'pvdff', 'qqkzqxu', 'wrevtn', 'syjhz', 'zpz']",113,70,103,98,94,63,FALSE
"['dbnuruwj', 'mnbpg', 'fdfoikjzk']",97,64,106,61,69,112,FALSE
"['xvlvvhgaz', 'cdaykhmsv', 'tpdc', 'cvbbi', 'nsvspmu', 'jckxz', 'jmij', 'xzrhy']",115,112,95,89,116,113,FALSE
"['qcqmyvuta', 'qls', 'ppgxqmo', 'eyqomqrdcc']",115,87,117,91,90,116,FALSE
"['brzdcjajnt', 'nfkjcacs', 'kuoycuqils', 'iyyayffi', 'etbtljrr', 'fatqlzfjhm']",73,101,104,92,81,74,FALSE
"['jnoptflgk', 'fqqiwvkto', 'pxkjrgixh', 'kid', 'dvh']",111,84,88,109,65,111,FALSE
"['mbjt', 'dxksi', 'dakml', 'cwajdjujpo', 'idywaejqi', 'eligble', 'ihgo']",89,116,107,116,64,92,TRUE
"['ovjsieqoy', 'tlodozbgu', 'zgrnlu', 'dny']",78,76,77,65,89,94,FALSE
"['odh', 'rxtqg', 'dktobb', 'ysctocz', 'eligble', 'fari']",100,64,60,87,68,71,TRUE
"['qqwb', 'eligble', 'oaffqvjiqd', 'fmlomcp', 'rqzaxxfbgp', 'kdvxvyljrn', 'zcr']",73,98,90,71,102,88,TRUE
"['dqng', 'iew', 'ofdq', 'amcqoex', 'vcgnaqkf', 'puqcwl', 'ghzhp', 'kurhdysco', 'hekav']",102,109,67,119,62,89,FALSE
"['dbhywrejya', 'xfvkeu', 'lavxuligyg', 'pcuzjglvjy', 'zwkvtsg', 'yhjp', 'dwaotrbpzh']",77,120,71,61,74,80,FALSE
"['fyvqcmu', 'tlzql', 'xwqq', 'ygsssp', 'qbfv', 'syhyrrk']",115,88,92,98,74,60,FALSE
"['eligble', 'bmrcglu', 'pxwwpy', 'ehjednibzd', 'eapdre', 'krtmnd', 'tcrjesezv', 'zbpunk', 'xrnu', 'tylhgycenj', 'qdfc']",63,96,86,94,112,93,TRUE
"['tckodhgo', 'cxbjj', 'dkkilly', 'eligble', 'uzgnucq', 'fmrlpqt']",103,75,94,66,107,117,TRUE
"['dhufx', 'teztxu', 'valhhpqamq']",74,81,103,97,77,119,FALSE
"['cfznzb', 'dcrhyp', 'dmpc', 'npvnihwmft', 'kvspqce']",115,111,91,67,115,84,FALSE
"['mnqblyfzmb', 'kwsiv', 'fnpp', 'jesdci', 'oimucwj', 'eligble', 'onfwy', 'tmnzn', 'ubrqjwwzma', 'cpspiruhim']",113,61,60,71,107,111,TRUE
"['txuj', 'hfaeqdua', 'ccdhizwtoj', 'ojlbqzoy', 'iyoilezf', 'joekhnwjsu', 'wjqg']",75,102,111,79,65,90,FALSE
"['phgtykmc', 'dhzuu', 'ztxvzzuaq']",69,114,66,79,64,69,FALSE
"['ughtz', 'ocmpzhevl', 'ojqfceixbp', 'wlmeuhd', 'sdq', 'lvdqg', 'covdcwv', 'tmrbjaugb', 'eligble']",112,106,108,68,60,108,TRUE
"['kznkonq', 'saudz', 'tgjtlnvmux', 'kslwlqapw', 'yakdir', 'wwdytmxmzs']",86,103,97,119,101,77,FALSE
"['xjatkrjtkk', 'rdyk', 'sjzm']",105,85,61,60,102,67,FALSE
"['fqqilz', 'ggaabsiu', 'vzdssjwoh', 'jzuysawc', 'eligble', 'ezpmnbwy', 'tyunbpovcu', 'jsskesxsu', 'bhizprctxg', 'ywt']",103,74,83,83,95,90,TRUE
"['hcght', 'yat', 'crwxsl', 'lwltmkaxm', 'eligble', 'ugxvkccwg', 'qwhiwks', 'ndoe']",82,84,94,111,90,74,TRUE
"['vvob', 'swzpbitlxa', 'xpodxrkg', 'huzlcows', 'wiunfmnx', 'ehpkuewa', 'nezkimv', 'combjr', 'fkgf', 'zxj']",106,81,85,87,109,102,FALSE
"['qflfc', 'xluk', 'urbyxz', 'almhn']",84,101,110,100,79,78,FALSE
"['eqpp', 'kiczklrtuu', 'uxbcjmdz', 'ousbwrpnbx', 'wredqzno', 'zrv', 'eligble', 'oohcp', 'rncnoskk', 'zdfrh']",111,91,101,79,85,90,TRUE
"['xvi', 'pvciquyqqp', 'xwdiutmggu', 'jipg', 'wneckv', 'inua', 'sflfxjxwb', 'njuyoy']",88,64,73,80,104,110,FALSE
"['jele', 'rlqrqdwq', 'fpwdqutr', 'xsitl', 'ilmnybpkvw', 'psqtjlma']",66,65,104,74,80,88,FALSE
"['cyraxomx', 'igmxjje', 'obnmlfdz', 'ltn', 'psrjl']",102,105,91,99,72,67,FALSE
"['bcq', 'anudady', 'hyflmtpesx', 'shmuk', 'eligble']",111,113,80,110,72,119,TRUE
"['duechwfw', 'crp', 'amzsz', 'btcqb', 'mxn', 'qcidzpb', 'uhdqnw', 'ryo']",67,94,102,96,117,82,FALSE
"['yohhz', 'akh', 'eligble', 'tsx', 'zwuidfop', 'yoxyuglymn', 'grrtypc', 'uriomzpatm', 'dndqf', 'izwjamc']",116,105,115,70,110,67,TRUE
"['oawppixry', 'mwjihokwa', 'wrneniucdc', 'gamkqpqgl', 'lstgsndtf', 'szwvedxs', 'andb']",65,60,73,68,91,118,FALSE
"['vlnfcj', 'wjmf', 'ujmdwxh', 'ebph', 'ykadz', 'ubrifd', 'qxglkduv', 'vvnve']",111,73,82,108,79,78,FALSE
"['ojnwvp', 'fkduciib', 'vixpllhh', 'elo', 'enpxcyxk', 'gnfl', 'pxzob', 'yczgxzavos']",85,92,88,81,104,108,FALSE
"['eligble', 'vqv', 'dinmvkwg', 'pqc']",112,61,91,105,102,74,TRUE
"['rletdaqj', 'najzlo', 'lsnrihk', 'ddfwrxu', 'ievm', 'xdfrx', 'fbpb', 'ieinrbuqwd', 'yxug']",91,83,85,90,91,68,FALSE
"['kkfazzo', 'vwhqigevi', 'lpnr', 'rgfoish', 'ggegl', 'bpvga', 'ouoqnfchl', 'otnaybqzq', 'cphdutk']",114,93,107,92,100,60,FALSE
"['ourpel', 'vpqpkk', 'cduk', 'mducof', 'nlztkqc', 'eligble']",75,109,80,79,61,112,TRUE
"['ksgnpwf', 'wqcvr', 'pcuahqfz', 'frnelby', 'tvcy', 'toexoqudxa', 'fyzveq', 'wyeu', 'qbuge']",119,88,105,70,71,111,FALSE
"['eligble', 'kthsl', 'bfade', 'oztu', 'cbimctca']",84,105,95,77,70,82,TRUE
"['vhqcjzjmjx', 'slvclfodst', 'cay', 'aycltenvyk', 'llzfcd']",89,120,120,72,67,61,FALSE
"['ppjly', 'zdrvubpcx', 'fkoqsraobq', 'krreuolml', 'fzkvkizmxs', 'wazp', 'aleu']",110,117,87,105,85,96,FALSE
"['gwvbvlrgb', 'fkfyloc', 'lqn']",98,87,72,95,77,82,FALSE
"['sbmz', 'qkkiqi', 'bapucdqru', 'eligble', 'fwqafjdfh']",65,86,106,60,74,98,TRUE
"['munaphjh', 'sfh', 'eligble', 'rxqbot', 'royf', 'ixi']",96,110,71,90,64,88,TRUE
"['erovfps', 'accghodg', 'joosygi', 'cpygao', 'llju', 'vzzpqjzrpw']",76,120,103,96,101,88,FALSE
"['ohpdwfveu', 'wow', 'tclrob', 'wnqiz', 'bhyoh', 'wpkjd', 'cvjv', 'bzgrzgbt']",97,89,80,113,85,83,FALSE
"['hrk', 'qfsoovg', 'urfjot', 'fzpq', 'eligble', 'wyjtqrovcn', 'uazbechaxr']",119,95,99,120,104,70,TRUE
"['pcwex', 'lgkby', 'oezyb', 'jwuxodua', 'ksvgg', 'ugbuhbstst', 'sudq', 'ehkdnmae', 'hyth', 'bioqzmcxsh']",111,70,118,86,83,90,FALSE
"['ahr', 'snklcbesqk', 'eligble', 'mxnrwkvtx']",69,70,97,82,104,104,TRUE
"['zbfwajbqh', 'ymisqhhghu', 'pxwnpmrr', 'ndb']",98,104,64,60,96,99,FALSE
"['gyhbtyrmgl', 'pndxvtlnbs', 'rqpageoa', 'cppsviaygc', 'rnvnmmcjk', 'twnozosaj', 'lnyusjqkek', 'xdiu', 'oixzszzbpn', 'lbufttzgu']",116,115,72,64,89,88,FALSE
"['ttrupkstzq', 'eligble', 'niyeeeity', 'zmm', 'yzsv', 'fgjpj', 'viqdna']",111,82,65,60,101,110,TRUE
"['rgwt', 'eikaduhujo', 'ccfkc', 'bhq', 'dtizjfqj', 'apwobc']",75,97,112,74,112,108,FALSE
"['sogailkj', 'hbhi', 'voaqmnxuc', 'hssstwkrm', 'llgvxqyfv']",97,108,102,80,71,107,FALSE
"['ngahpkqbwz', 'yincjfd', 'scovkrxgw', 'svgvrl', 'fsxahgu', 'sadcwj', 'tiosq', 'hxjl', 'fmeavjnx', 'ojldklbopw']",96,92,110,114,94,106,FALSE
"['iktumgsgu', 'gbtr', 'csfapjjuvk', 'gxjfqkqvh', 'xcvf']",77,86,103,120,60,94,FALSE
"['bgewewed', 'gduz', 'voirvhvfwe', 'dfffarp', 'fjgju', 'dpsforw', 'ghvve', 'eligble']",103,119,99,97,115,108,TRUE
"['qpje', 'gsoasjjd', 'tmmxi', 'oeemill', 'zswjxsjb', 'fislc', 'sznepna', 'mhhypzl', 'aoyqbjhhn']",93,84,61,80,116,81,FALSE
"['qvbfbtwv', 'opobcxbapo', 'sluqgg', 'vqcsn', 'dokslm', 'mptsad']",77,69,80,98,61,60,FALSE
"['eligble', 'ohtcvh', 'exixuxhs', 'ddzbhuu', 'hmx', 'uibc', 'fudh', 'ibzmr', 'gtkco', 'uaebjutte']",84,90,110,115,76,75,TRUE
"['papms', 'qsvippwqk', 'azahhetjo', 'sbfdxd', 'erhegycocq', 'uvkr']",115,84,119,67,89,67,FALSE
"['qzhyvelmb', 'xdx', 'vdxuhyfwe', 'qvqaqzeo', 'bnj', 'cbdzdz', 'hmoyrm', 'depymbtu', 'eqbkgbiu', 'fpqdqn']",80,106,116,83,93,103,FALSE
"['ttwobchx', 'orwxydiyx', 'yczmqmvsd', 'ifbh', 'oul', 'tompu', 'vaj', 'zrunt', 'ysqetce', 'tbji']",118,112,114,114,102,84,FALSE
"['hzkan', 'zsodkda', 'wpptssijok', 'eligble', 'guqqewpvoi', 'guooehdp', 'plnv', 'nse', 'iaipbyh', 'yulohwd', 'kjrey']",64,114,72,102,110,72,TRUE
"['gacex', 'stthhaf', 'tjnozf', 'yjxx', 'owdkqqq', 'dctazalhk']",89,112,103,89,84,113,FALSE
"['zppodcjwri', 'etncsvz', 'hhhxc', 'bvp']",63,72,101,73,104,113,FALSE
"['rzvjdtuh', 'bjfg', 'mnlprqo', 'jcwize', 'czaolorar', 'ejhkdho', 'tfgcpfq', 'eligble', 'kcqjerrui', 'vdhk']",69,100,80,100,114,95,TRUE
"['bkvwgnhsa', 'dftx', 'iasjhiumoe', 'eligble', 'ypqzm', 'cpnyvnf', 'hlnvnk']",68,115,115,76,117,120,TRUE
"['gse', 'axzu', 'qibdby', 'rikd', 'yaowgol', 'hqmvyu', 'llpl', 'rymoxkc', 'yxvhmk', 'jxlnuambf']",85,97,109,108,84,116,FALSE
"['nhnqwj', 'mgxxdpwy', 'ljctl']",90,80,84,70,114,78,FALSE
"['kqykautae', 'kpl', 'nxcjj', 'leqvxsb', 'opyubh', 'vvkiochq', 'eogryy', 'xtakcb', 'dxl']",75,96,105,84,109,115,FALSE
"['elr', 'ybchwuc', 'eurhrf', 'stgacnw', 'qryvcn', 'nahsv', 'mfze']",91,110,108,75,93,109,FALSE
"['gcspj', 'wkmppqslxc', 'dov', 'lyrf', 'tftmd', 'rhp']",118,106,61,103,63,66,FALSE
"['ocwxkojxcv', 'hwhmosdox', 'bqtffm', 'ltu', 'qby', 'ipee', 'gopdezkhfk', 'cjml']",66,86,105,66,105,80,FALSE
"['jdeddo', 'mixqybscc', 'npl', 'whlhkfdsgk']",73,61,115,107,85,106,FALSE
"['bqkho', 'kfyvlwc', 'tdbxeskrlf', 'gbbr']",89,101,96,120,97,89,FALSE
"['eligble', 'osg', 'nnnwrp', 'ycleshgucx']",69,82,93,107,106,107,TRUE
"['orano', 'sogbvk', 'bigocgs', 'yxfn', 'narpv']",93,110,114,103,84,91,FALSE
"['tpuvdimwa', 'mieqtjnm', 'hgszj', 'ilz']",101,116,63,90,93,100,FALSE
"['hqywrsrk', 'jilk', 'pvj', 'qmxh', 'ywiqm', 'aoiqblre', 'eligble', 'xkexoi', 'onvzwfq', 'zgdbndgpw']",64,67,91,100,115,63,TRUE
"['mubia', 'hyzrppntui', 'dtlkrrk', 'kjzjueqra', 'drabs', 'cnows', 'spcuutmd', 'aypw', 'wobtkzxfe', 'rlpnffqa']",64,105,88,96,103,103,FALSE
"['uthgwpluox', 'vef', 'bdjhwnuz', 'bsw', 'xiapww', 'eligble', 'bctpm']",68,114,112,118,85,96,TRUE
"['mvlcnld', 'bgvdolx', 'nnyyjjmgaa', 'gqri', 'hugipxe', 'iuwuss', 'bftmxaqmkq', 'ljrd']",75,94,116,102,68,114,FALSE
"['hjatmmnmtq', 'jvezg', 'swe', 'ldirpxy', 'smiv', 'evvvlr', 'abcibs', 'cubek', 'rpsqjs', 'lmumqef']",73,110,93,108,97,84,FALSE
"['ksppxq', 'mdkca', 'jtaca', 'eizvnep', 'forvd', 'bsjyukipy']",96,61,89,77,91,118,FALSE
"['qvjuxsngwm', 'fhnyjkxox', 'eligble', 'jbzithgbds', 'unlprcjuf', 'rnec', 'noil', 'cdyeii', 'uskatavmw', 'yzuhd']",105,76,70,111,80,61,TRUE
"['oyahspo', 'smxl', 'mrlwiigdf', 'kzohhqfla', 'weiuh', 'tkgnwwd', 'oqyltzeyue', 'altdmnli', 'qpnpnszi', 'wnoku']",66,119,117,64,82,82,FALSE
"['dgpispi', 'eligble', 'naw', 'nwou', 'tpa', 'scnt']",107,65,88,87,78,89,TRUE
"['zigmyfjvph', 'ukkdyfuvpa', 'uvmdjgdllz', 'qxmoo', 'nowo', 'ozejhg']",76,94,89,82,90,101,FALSE
"['jaac', 'zezzvwcbzo', 'dxqdbdbqw', 'zqbf', 'rdmh']",111,60,93,60,91,77,FALSE
"['uaykevpc', 'oscc', 'abjzu', 'ddyywnwz', 'kbbxudpuqw', 'yilhgi', 'bwfbm', 'qmroti', 'eligble']",74,71,61,108,103,107,TRUE
"['ybmpuy', 'bkblgbxiqc', 'slo', 'yofrony', 'hns']",84,92,82,112,80,97,FALSE
"['dxveblwn', 'myrh', 'eligble', 'vhzaqotz', 'orpgmeid']",108,97,109,108,113,110,TRUE
"['jktt', 'lqqxkiwr', 'ujmnbqun', 'keqovk', 'dvwoec', 'yeonhkokrm', 'jjndgwswv']",107,79,120,89,74,115,FALSE
"['qdilshzyu', 'ztxzvaafv', 'bfv', 'eyqkxsycg', 'horerelewr', 'orntdyy']",111,117,65,69,61,76,FALSE
"['eligble', 'fhabrzfbe', 'udls', 'assyfyvkyf', 'guexbua', 'egdip', 'lhwroiazg']",85,112,86,111,87,87,TRUE
"['jjbwwguq', 'tqaagi', 'bonpsq', 'frljj', 'dcjx', 'vdmarz', 'rcgjwca', 'xhfarhdbj']",70,68,65,76,95,113,FALSE
"['zajzlv', 'ivyqikem', 'xvkqcdcb', 'dvochft', 'rrt', 'awakbxbers', 'zbyjrib', 'qkllor']",120,70,71,97,120,93,FALSE
"['bbemlzcn', 'jead', 'skgotphux']",111,102,92,71,66,93,FALSE
"['mzw', 'jut', 'omkpn', 'gxktvhtgkl', 'mcnhn', 'lhgkj', 'mjndeos']",91,104,98,100,72,99,FALSE
"['snu', 'svrpshp', 'fikha', 'vqidogndv', 'foy']",107,96,74,111,87,85,FALSE
"['pdl', 'erjpuyfk', 'eligble', 'slt', 'aokaotczf', 'mzatvthf', 'prbyygxjy', 'gyeyp']",110,107,97,94,118,80,TRUE
"['xab', 'vvduvwly', 'psgcynsxno', 'lxmxecqvji']",76,95,113,60,120,97,FALSE
"['toe', 'esufgwl', 'nnmgacqk', 'zvpc', 'rtgbko']",78,108,111,90,92,94,FALSE
"['dhaxf', 'sutldcqzsi', 'wcwtgvndgh', 'wphgxnu']",111,64,91,64,86,78,FALSE
"['oyfnl', 'eligble', 'tnavacc', 'nsuin', 'nqw', 'ggsg', 'cawnehvhak', 'szhg']",102,96,79,108,83,113,TRUE
"['zatccbrxts', 'hdwm', 'wazgoadflb', 'gwvpfjme', 'glhopl', 'tiqvtrhf', 'ukvpeiopb', 'avohwp', 'etpyfpi']",94,92,86,89,105,110,FALSE
"['hqdlsnypr', 'wgv', 'gagh', 'occtvxusz', 'mymjzus', 'qbrbiqzx']",98,110,60,110,61,93,FALSE
"['ficui', 'ydylifsdh', 'gebql', 'wgivfviim', 'kddqfr', 'lfkhri', 'eiiuo']",105,103,117,95,88,107,FALSE
"['mejr', 'wsp', 'nooqom', 'eligble', 'pmbqquv', 'mepdgdemkx']",115,106,81,116,113,81,TRUE
"['xljtr', 'ornw', 'vitozdt', 'zybv', 'kvegc', 'rdtr', 'glfqirtm', 'qio']",62,100,93,86,118,65,FALSE
"['vbz', 'qghaohzhwl', 'zhgcolg', 'nfwzzujpw', 'satgglsk', 'ajltt', 'waxeupbycf', 'bguwcfip', 'qsiyisvbem']",96,95,97,60,117,112,FALSE
"['kqjanoqgcm', 'zmi', 'emj', 'bfj', 'cosmk', 'casfa', 'djahk', 'wwwodmvn']",98,68,62,106,120,66,FALSE
"['kuthxx', 'uhajzt', 'wunedpl', 'blh', 'hkqjtvk']",66,68,102,88,95,69,FALSE
"['lnk', 'ifo', 'wqz', 'eligble', 'vfgxjgms', 'zvc', 'csko', 'ldpblztnku', 'nrelny', 'iitlgf']",83,117,95,107,93,112,TRUE
"['xrkrc', 'qsw', 'fjn', 'qqlhleac', 'jntdevianm']",98,78,86,93,106,90,FALSE
"['efcdqnfwgm', 'notsc', 'nlt', 'hurzbyp', 'uobhd', 'epiqugo', 'vwn', 'kiz']",87,118,60,106,88,96,FALSE
"['mysn', 'uop', 'kal']",116,119,75,62,87,96,FALSE
"['sxghhm', 'qsyc', 'qbsoyozb', 'oxbqz', 'boie', 'gaksvz', 'fvlie', 'vmh', 'tgevhgfcg', 'qqmpvdq']",69,116,111,82,113,63,FALSE
"['vfnhafbv', 'ovslefei', 'iae', 'kkroifv', 'luwrmdfiz', 'dcqrsxx', 'vxeels', 'zgbxx', 'wqzhvgciyo']",110,103,82,86,115,81,FALSE
"['ctxndub', 'dmqkszujix', 'ashom', 'odltjqqgk', 'wnplopbe', 'pcatrmt', 'thzykgsavg', 'bluyxggkwh', 'dok', 'kazkzftx']",70,98,78,111,119,93,FALSE
"['szcnx', 'kkgoyui', 'tmwje', 'yhsqcihxol', 'wrnsg', 'ciye', 'fak', 'jrtatszynw', 'mhczuu', 'nygylrw']",94,101,99,90,96,83,FALSE
"['hgxk', 'fcvsa', 'sgihlor', 'oxwiqvemj', 'oakfggxev', 'eligble', 'fcbfcysmk', 'mccnc', 'pshub']",110,95,92,116,117,68,TRUE
"['sbp', 'pkhzimfjkg', 'pudnto', 'kyln']",95,68,101,96,87,82,FALSE
"['fnmxc', 'eutzpz', 'ggdzymgckp', 'hrhm', 'yzqujvo', 'ooqeucmx', 'fspknb', 'pydttbuiue', 'ndyslrkhbw', 'lyzxvjy']",60,66,67,67,85,119,FALSE
"['rpfqhh', 'cxefnayo', 'jgu', 'whqqchzn', 'stbyj']",90,104,89,99,119,84,FALSE
"['tdvbghctrn', 'gbju', 'nsjwlioz', 'ksjpxfa', 'bsmjrnv', 'immxgwnh', 'lcdcnht', 'njqqftsy']",106,110,98,92,112,120,FALSE
"['uyaafflep', 'nxypk', 'hpjkbs', 'jhojsdnj', 'yubeuov']",117,104,119,100,98,116,FALSE
"['ugyzkyieaw', 'tty', 'iwssyqwufk', 'crzjgaqhs', 'ayuf', 'tzhl', 'rtaub']",73,105,90,93,97,80,FALSE
"['ztvdqvzob', 'jlbxaayyw', 'kciix', 'eligble', 'nanhua', 'jadef', 'wztmecjm']",97,96,94,96,79,69,TRUE
"['gowhjwmq', 'hbyidvvsf', 'wuifcrc', 'lxrzh', 'zrgtmfbdbp', 'lgopwtw']",102,77,67,97,84,69,FALSE
"['nak', 'mfcnp', 'mxtzagfreb', 'xty', 'vajo', 'arxdaxb', 'rdf', 'uvdfhsp']",107,106,114,81,77,111,FALSE
"['tmsnbt', 'mazbfotm', 'eligble', 'thbvp', 'lgdrhed']",95,99,60,67,90,115,TRUE
"['vzbf', 'xruhnqtt', 'owt', 'umyly', 'aknle', 'dlkoex', 'ayljlwl', 'pakiudsenp']",63,84,71,119,106,65,FALSE
"['taycf', 'wlcvoic', 'ewtoqb', 'aotm', 'wyxvwl']",80,71,113,73,64,108,FALSE
"['mhtvpmke', 'ggx', 'yal', 'faceuz', 'vhjep', 'vqpeauxc']",111,72,81,72,108,75,FALSE
"['urju', 'pju', 'hok', 'oddj']",62,81,63,70,75,108,FALSE
"['zbrrdgojcf', 'ypwgynkgrf', 'kmvpsky', 'eligble', 'ncbxcrp', 'mfyhzrjeq']",118,93,65,64,117,97,TRUE
"['wuxiassyg', 'hhmgmpfpc', 'eafi', 'fhyvugjqgb', 'kddxbwq']",66,87,73,110,82,68,FALSE
"['vaegb', 'cagqntn', 'bfj', 'nepgxrhe', 'jirqcatl', 'ahgd', 'udmfiht', 'wkhwupg', 'jhdlnb', 'qbcjp']",82,78,83,61,97,105,FALSE
"['qokwit', 'ikejmwthd', 'tgvgdbiipg', 'mir', 'nbykc', 'lttobbkebu', 'jtaptzo', 'obqrm']",107,61,73,84,75,70,FALSE
"['slpxfi', 'rfmhzx', 'reqei', 'ctc', 'eligble', 'qmidl', 'bdsotkcg', 'khcdukjjee']",90,120,79,105,100,105,TRUE
"['xwbc', 'qzoqb', 'apuvng', 'oyhi', 'jrhd', 'npsnqahr', 'kjm', 'umcfyb', 'xlip']",96,60,97,102,88,66,FALSE
"['riuqy', 'vzxifxka', 'uryeu', 'gkuelouxq']",71,117,117,71,85,97,FALSE
"['dkzwqiu', 'wqtywf', 'tqrs', 'bqzi', 'bpxz', 'zljwj', 'sacwjvww']",93,113,108,113,89,70,FALSE
"['kwmyj', 'gqogkvu', 'omcpegal', 'eligble', 'dimckqbdpv']",101,71,85,70,109,69,TRUE
"['kmz', 'cfrnngj', 'eligble', 'arwrvj', 'rukdwnzwq']",77,106,91,92,91,119,TRUE
"['gokichy', 'mqvxen', 'zjxgjwam', 'maefz']",79,76,85,117,87,70,FALSE
"['wkyogo', 'pubant', 'tphe', 'tqqhoqz', 'felmcu', 'tzci']",86,75,76,110,112,82,FALSE
"['yydm', 'ycw', 'xiei', 'slu', 'gnpqzgm', 'wmqqkhwn', 'ghushrfxq']",76,64,65,96,103,102,FALSE
"['fphagt', 'jide', 'muwselnui']",94,66,116,117,77,103,FALSE
"['stti', 'igmxsvxfx', 'jknnlwcvp', 'sbjmeuvz', 'rzqik', 'jadyrit', 'xoucdbtyfa', 'urhxmclcu', 'knzrkffu', 'kxpmbgdvbt']",60,97,72,61,86,113,FALSE
"['pbxrwbmgc', 'cuvc', 'eligble', 'hjhqkhwqot', 'fssjm', 'tvnhz']",75,91,91,115,108,101,TRUE
"['qch', 'zgz', 'pcimoylxqg', 'ddjka', 'holmncz', 'lkk', 'eligble', 'xguomeivqa']",109,104,69,68,70,109,TRUE
"['qxgprhqx', 'gwcfkb', 'zzyiu', 'qwzymop', 'lhzdvzo', 'suqrhsrlki', 'nkp', 'ulbwyf', 'ydsumcrypm']",94,100,72,109,67,118,FALSE
"['bqul', 'facnss', 'vxrcv', 'oya']",69,83,106,113,62,108,FALSE
"['eligble', 'rchairsu', 'lkj', 'xhzofsde', 'mtgr', 'fzbn']",96,72,102,99,65,111,TRUE
"['pkvscnyye', 'bmy', 'fyimiky', 'isoe', 'aql']",113,67,94,83,107,71,FALSE
"['zhralpwh', 'lmxypiem', 'yeo', 'wezffi', 'xrmoh', 'eligble', 'gscbfze', 'zgbtkj']",77,70,84,89,89,71,TRUE
"['tugvylxb', 'avted', 'mkvecklsm', 'kqcmr', 'wewo', 'fvttcfnmt', 'frwpbzpr', 'rafwj', 'lojyocysm', 'ezmuyxde']",60,63,66,93,120,112,FALSE
"['smug', 'zaildm', 'fqviuofu', 'kwjanougs']",103,99,84,120,79,98,FALSE
"['spnwfzoxpl', 'peh', 'tavrjjxc', 'xrfolvev']",114,99,81,105,87,116,FALSE
"['cxbaw', 'qrvsnyyrl', 'pmrztyivdh', 'mjupsloq', 'hoyv', 'nheghykv', 'xsq']",84,60,82,63,60,78,FALSE
"['owvywd', 'nnqhfib', 'pzuwmfpv']",96,71,112,61,92,64,FALSE
"['eligble', 'thixtgt', 'dukuqk', 'wkcvapms']",68,99,86,98,74,95,TRUE
"['gkpdgvyea', 'kasgpiusi', 'bitkyy', 'xvnqm', 'ebnlbujnd', 'hujnqurfk', 'tfzif']",93,100,105,90,93,119,FALSE
"['fexxmz', 'bsifitd', 'pzorwooznb', 'ugtgpls', 'dhmy', 'xgegdqifny', 'nuj', 'ktuviocckk']",85,114,115,103,91,86,FALSE
"['flbljj', 'klglufj', 'pkk', 'lsvri', 'ksdhagg', 'sqhirsboh', 'xfedvdzsr', 'aqcbgqitz', 'uocigfzkx', 'gaakomxqyo', 'eligble']",99,91,68,92,100,60,TRUE
"['ibkxhscnp', 'eligble', 'towizlwgjv', 'cqpvdtl']",108,103,112,110,74,78,TRUE
"['nwjqcz', 'eligble', 'rvvtnujnqo', 'jykcxqrae', 'ktt', 'xowenfqz', 'tdm']",97,104,114,79,76,63,TRUE
"['cppestynt', 'gnqjatlax', 'dls', 'eligble', 'pdmbna']",103,95,77,87,69,99,TRUE
"['qqiwi', 'lzyegeptgp', 'vxsc', 'ttnjqmdlgg', 'jtetxyl', 'amduwyvlg', 'cmakhfdekw', 'ktnoksq', 'nlazfck', 'kctnel']",82,65,103,83,100,88,FALSE
"['onwrinm', 'otx', 'iawsxt']",98,64,78,76,87,73,FALSE
"['lifdb', 'jbqcawllk', 'xxkh', 'qqtacoaik', 'gyxdmxhln', 'lwry', 'qilju', 'cgpd', 'eligble', 'tlp', 'umug']",93,80,120,120,76,82,TRUE
"['dwtdk', 'fztkequfi', 'psqd', 'ncsztwgej', 'drws', 'yzriz']",95,62,79,110,69,90,FALSE
"['anvdj', 'zwguh', 'jgnuooff', 'sympiexk', 'llkdj', 'ksusn', 'rrnuiuax', 'hxhjsk', 'gzvqjt', 'tsxzariiuc']",108,104,61,93,78,65,FALSE
"['csi', 'zvuc', 'qdzbw', 'sovjin', 'spmk']",92,84,80,74,101,80,FALSE
"['hwwupjn', 'iclz', 'kxrisw', 'iugzqb']",114,72,108,100,94,65,FALSE
"['pztmgnl', 'altres', 'lcvoxu', 'lupws', 'aepph', 'gpyhmtsco', 'urgocl']",104,118,118,64,119,110,FALSE
"['owmqgo', 'eligble', 'ezmhn', 'tnaxubrfl', 'zcw', 'rpqi', 'dyvnnjxxge', 'iytl', 'xzz']",112,75,107,84,112,108,TRUE
"['pbzgifk', 'mej', 'altogg', 'xom', 'cscyem', 'txaahth', 'qmzghwgixs', 'vslgzacqt', 'yevptgibuc', 'vrgfpwg']",117,119,76,104,101,100,FALSE
"['mgtylbjpgp', 'wwxh', 'iyo', 'mfwv', 'uerwfuj', 'mrcyhfgan', 'yegiicacxf', 'uazgs', 'skyhaaj']",63,89,92,116,72,72,FALSE
"['swytltfi', 'spp', 'yqnaa', 'plqhunimmr', 'yimxcrl', 'hxrpjl', 'gsex', 'cvvzuyvdsm']",60,119,111,107,62,74,FALSE
"['dcolvvb', 'ekctqui', 'crzruasr', 'ayljod']",114,116,120,67,67,87,FALSE
"['zvdxpgfxi', 'gmgxhnuclq', 'omw']",84,71,99,64,117,98,FALSE
"['keop', 'eligble', 'niulzikkd', 'qetspa']",109,103,96,77,104,110,TRUE
"['tbtfzbog', 'bgfcwfwkpm', 'gwvkx', 'ktxgpcex', 'oxkbfoh', 'oydiyredb', 'rfqjywtm']",105,98,70,88,115,113,FALSE
"['fzvouasdw', 'mmlplcc', 'dqjcvu', 'qfmux', 'iorrcnebq']",68,118,90,118,107,85,FALSE
"['razkhxe', 'eligble', 'nexbxfzfps', 'vfna']",85,103,101,80,96,66,TRUE
"['jwvs', 'yxqtqgsqte', 'zgpdczt', 'tslpcqmkp', 'qutjkn', 'bqg', 'cqgkng', 'dlp', 'gpetubvji', 'xntuue']",110,114,116,71,65,74,FALSE
"['islk', 'yddhmd', 'suz', 'cqoby', 'eligble']",106,73,89,98,116,109,TRUE
"['asc', 'uphdn', 'vmgusfq', 'fptgkmyp']",115,92,63,63,68,114,FALSE
"['zhuifqiy', 'zszbrweyp', 'egw', 'eligble', 'stxmiiqlma', 'oytpj', 'gnpbawqw', 'rkmqolihgc', 'qedebeayib', 'zuml']",113,102,99,60,61,87,TRUE
"['ecpfndc', 'pyanttwei', 'hjqstxgdf', 'xtajds', 'tpsswwt', 'xmohov', 'fkwmnf', 'qzliiatvsn', 'bbrcx', 'eligble', 'oqtr']",101,118,85,106,61,75,TRUE
"['yvebbi', 'kdxlyj', 'utvbjf', 'dahs', 'qqzltcdmd']",74,83,103,101,98,71,FALSE
"['fwlxxxe', 'anjmsfp', 'qblmqalwb', 'kxioyoo', 'uif', 'bjclvogtv', 'wcrsm', 'ocwfwssbw']",102,60,76,110,97,99,FALSE
"['iwbmksf', 'ahwd', 'bvg', 'fbvfnkio', 'cmvoxboeqp', 'nzisscnzyc']",93,108,70,109,66,61,FALSE
"['grsgsr', 'nqv', 'aviorfkae']",77,106,120,87,60,67,FALSE
"['ibneerqps', 'oxflcfelz', 'hiqcjky', 'gnapuy', 'husggb', 'zxtil', 'eligble']",66,93,94,94,81,63,TRUE
"['bzers', 'wjgextklxr', 'gpsgamys', 'psvcxtesx', 'csycay', 'srh', 'dsnyi', 'yuhy']",102,73,103,98,119,65,FALSE
"['bleu', 'eligble', 'uop', 'ydzd']",61,91,70,119,114,74,TRUE
"['nkxmhgpo', 'zbwyaioww', 'jeapg', 'iopfm', 'yqazbkeq', 'boefbwvxvg', 'veqyccxv', 'kewj', 'tcfm', 'hafn', 'eligble']",93,103,74,116,100,60,TRUE
"['kmomtsji', 'dmrhbjjq', 'dcmunapquh', 'eligble', 'tbpkezr']",109,120,103,101,80,111,TRUE
"['wvuqqupeox', 'beuyg', 'vaqrkdliv', 'dibzqyv', 'usrawmucw', 'ytvb']",117,94,69,118,115,99,FALSE
"['nfdouxx', 'vlzkztk', 'ukjf', 'etoxgrads', 'ift', 'tltinfmza']",107,102,105,98,109,111,FALSE
"['yswns', 'bxzz', 'pbo', 'oyda', 'kpecamy', 'kxloukr', 'kxrfl', 'odje', 'rcjtva', 'eligble']",94,87,105,105,92,62,TRUE
"['cbnpdexmt', 'aygfvs', 'jwiadw', 'qzyai', 'rmtozzn', 'job', 'angvt', 'gvmc']",109,105,61,68,112,88,FALSE
"['gvz', 'kbezkqgg', 'eligble', 'tpzorg', 'wsuzvlvi']",117,86,72,88,71,81,TRUE
"['uhzhysm', 'tgvxrdin', 'wrmkw', 'umosmqr', 'wtthwe', 'mdukezj', 'hvsrrcye', 'rzwh']",91,104,118,92,94,89,FALSE
"['tcqmqdz', 'rfjbf', 'cbuj', 'eligble', 'fgat', 'pmvz', 'nmabz', 'zvifj']",118,113,76,107,98,83,TRUE
"['iqg', 'mmzwojmp', 'ytpfavh', 'gxcd', 'gtcbgnqs', 'eligble', 'jocpzdpt']",96,62,77,88,117,75,TRUE
"['utliagctj', 'cjyohte', 'bgww', 'humdzaje', 'eligble']",88,60,110,76,97,72,TRUE
"['eligble', 'kwhjwmqurx', 'ixpip', 'zrv', 'fmxyb', 'egr', 'lckaoxe']",79,103,89,68,116,108,TRUE
"['wtkdejbkgn', 'eligble', 'pme', 'wpwp']",66,66,107,102,113,80,TRUE
"['nakmtjkh', 'fyphrqcdym', 'qhplr', 'npo', 'zpwdr', 'uxxphiaw']",97,82,87,85,118,73,FALSE
"['ivgrplo', 'mfomc', 'jruimt', 'drkgkxvvbv', 'dcqovae', 'fjkvnfus', 'nkunulb', 'vlsybn']",97,70,87,68,74,81,FALSE
"['pcibpufiox', 'uvj', 'pkvmd', 'blfjjgffg', 'lzwg', 'qpgji', 'tbyqeo', 'vohrfhnv', 'nhdu', 'cabsqitace']",112,114,93,102,102,96,FALSE
"['cyfdyethg', 'xxn', 'ekgjz', 'eligble', 'acgjmogqar', 'azy', 'xewfkacwm']",96,100,88,101,101,106,TRUE
"['jmvmvy', 'mscp', 'eks']",119,70,83,92,117,96,FALSE
"['iznhiqy', 'kwmrqgw', 'brcmmoito']",87,79,113,68,110,104,FALSE
"['dwlzl', 'fdfiii', 'vacvyvfxqm', 'nsyw', 'gqdyqor']",90,73,105,105,87,114,FALSE
"['wkjhaneiy', 'xrxwmir', 'vkk', 'citdwdt', 'stksudqj']",120,118,84,92,111,60,FALSE
"['ckpz', 'qmgvjhppeq', 'hmxcnyzzf', 'pywehhkrq', 'luakil', 'alib', 'bcynodg', 'lnjcr', 'lmrs', 'oqlwoddd']",81,94,64,116,85,107,FALSE
"['rhwytg', 'hhvrkkd', 'wps', 'msskwqumee', 'tzfpdwf', 'owl', 'tlfvx', 'iwh']",78,70,98,97,93,92,FALSE
"['ema', 'svjbfixs', 'eligble', 'nfralfi']",93,63,91,64,89,98,TRUE
"['mmuhvs', 'kjfb', 'eqsemd', 'ifzh', 'yjbzqfxakh', 'bagyfm', 'qwbqcwbas', 'knra', 'naqaqy', 'piqthxyuz']",112,89,87,110,73,118,FALSE
"['eligble', 'ienxzrf', 'qrdvwimug', 'pmxlotbonl']",74,80,94,115,111,65,TRUE
"['puvqvfk', 'jafj', 'ynkdkixip', 'npoo', 'evqv', 'vflwt', 'ktachfh', 'zkb']",73,106,95,111,118,83,FALSE
"['tlqqcgj', 'apd', 'gnhzry', 'eligble', 'jyw', 'iigcxyqssq', 'mtgutqzm', 'vyjrsdfw']",72,63,106,85,81,72,TRUE
"['fuaztpi', 'dlczhu', 'hnff', 'viuhcgdsl', 'obwefapt', 'zvgjt', 'tdkvea', 'vvhgd']",91,73,78,82,92,71,FALSE
"['cidbghxd', 'smppuqid', 'dsqwo', 'llzj', 'edta', 'kqpw', 'yxdswn']",98,113,115,120,104,103,FALSE
"['ahfhv', 'bkvga', 'zhksxpcm', 'sdflisomx', 'vjpfqkgocl', 'wrshtfs']",104,67,75,71,96,77,FALSE
"['ijdvwchc', 'lfdfco', 'lmsqm', 'iusidr', 'fiywy', 'leesgrneu', 'wwovqab', 'lgmrglukmi', 'tlmo', 'byjggwli']",99,111,60,114,108,86,FALSE
"['xsbaz', 'bzmylufooi', 'tzq', 'uac', 'wjfowuu', 'farwvigqgt', 'wnua', 'uftz']",106,120,82,93,111,104,FALSE
"['wrqorp', 'mgajgcjpd', 'wptxeur', 'fyv', 'ikocij', 'dag', 'wnpu', 'fes', 'jnkxpmserf']",65,104,61,90,110,114,FALSE
"['bvvqlsnbc', 'asv', 'xgnew', 'jnc', 'knj', 'eligble']",109,81,66,113,96,68,TRUE
"['psbia', 'huyyla', 'suvuftjj']",81,86,94,107,93,120,FALSE
"['rktxgmps', 'dxcwi', 'eligble', 'efdelg', 'ddlsomyckw', 'norgcjeeqb']",116,61,88,107,120,109,TRUE
"['wns', 'dqmb', 'llo', 'knjpheg']",97,86,89,96,88,60,FALSE
"['hblmgb', 'cjspjcbzi', 'divsqvhtlp', 'kazoebbdm', 'ukwuyh', 'jfls', 'ewugr', 'nadbdqf']",83,78,99,77,107,105,FALSE
"['warevwb', 'mpau', 'fqsnx', 'gygzund', 'yfpwhvj', 'kciveantn', 'fivknbl']",96,71,95,74,84,99,FALSE
"['nlamwtwv', 'dcqofzqhrp', 'nvee', 'kib', 'oufdpvoesq', 'ghu', 'oykgctjpkt']",65,79,67,68,82,110,FALSE
"['sbfmusv', 'zodug', 'jrsl', 'lqihw', 'dkfec', 'ckiv', 'pfutqeker', 'njrckoiy', 'nii']",67,107,70,120,100,101,FALSE
"['epbfixt', 'hshrnuoczs', 'wfh', 'knbt', 'spjkfluf', 'qvsqeg', 'nhm']",67,83,84,82,75,72,FALSE
"['txrpig', 'cghpkpgtw', 'sex', 'btobntyen']",104,70,94,62,76,102,FALSE
"['sylmpq', 'vknoab', 'hubdz', 'vevbpelseb', 'sauhdw', 'pxvebdkw', 'sozqtj']",80,67,71,64,87,78,FALSE
"['spymykeh', 'azylcdu', 'lpxmp', 'wfxxbzzuo', 'rhitb', 'umaogyvf', 'mzuuv', 'uoqb', 'vkqg', 'nfsshv']",112,95,114,90,95,112,FALSE
"['yvmnrsui', 'upxyr', 'eligble', 'kfexdnfpp', 'xgqjdh', 'oja', 'tbjtwyc', 'sevheq', 'yol', 'ynw', 'ailiqbelns']",103,85,95,78,83,108,TRUE
"['hvmpigtim', 'fhxkkbpqf', 'deuiwuskwg']",90,115,96,80,86,103,FALSE
"['qfhsszoxyn', 'kwfb', 'xxfdrh', 'yadias', 'rvlumhewhx', 'htr', 'hzfxptbsku', 'eafcqyxkeu']",68,70,114,86,84,97,FALSE
"['eligble', 'jqvewaeee', 'lmcantvjh', 'alnxiebdaz', 'kywkye', 'zsmgdpisoh', 'vhhdbbbu', 'bkp', 'fvfyrcp', 'ypufprty']",120,76,75,108,62,97,TRUE
"['wfmnk', 'uhlm', 'pzbh']",117,60,107,104,80,97,FALSE
"['wukklysj', 'guinom', 'mxoy', 'fcfkp', 'eligble']",74,68,77,80,89,73,TRUE
"['amdzeqs', 'ohgjgkeydj', 'ergdylpr', 'kdjlkr']",107,69,102,66,60,87,FALSE
"['yjltmtp', 'orpd', 'guvx', 'kjmbw', 'aqgpdg', 'rfmmbdr', 'gdgkea', 'lgcgu', 'fctbknz', 'vcrwjrzq']",109,112,113,96,65,82,FALSE
"['hmmeemlfj', 'sleqao', 'udk', 'ikhg', 'qxf', 'tbwyyba']",96,68,77,101,60,103,FALSE
"['vujjawrlc', 'osb', 'lladvgne', 'tadmakavk', 'ybohyzol', 'rhus', 'zsp', 'eligble', 'ehzthr']",70,83,69,84,99,68,TRUE
"['flw', 'rqegisjsw', 'eligble', 'rozqqks', 'jtoyphmuyu', 'jxqect', 'lhyuhbnohc']",112,91,117,94,83,88,TRUE
"['pewazmdy', 'wcxhq', 'xia', 'pkyowft', 'nlmm', 'apcvohp', 'ujzzkmrbm', 'sjyyol', 'mtcdiibhy', 'sxuusnhm']",73,76,119,76,63,91,FALSE
"['yqvhka', 'iryrjg', 'sltzvqgtn', 'ypwhwjxl', 'moc', 'qlnh']",80,73,60,68,100,64,FALSE
"['yrkyxn', 'nnnapf', 'sisnpk', 'yvwltzv', 'bhtbgfggh']",73,116,67,72,64,113,FALSE
"['qtmnt', 'wqkqlyvpg', 'eligble', 'uvjpjiti']",103,74,64,120,61,94,TRUE
"['kphafwxwe', 'bdkoyl', 'shobgzxqi']",87,81,78,106,83,60,FALSE
"['wtyhs', 'mhtkfvjbkx', 'ayjnn', 'nhgfhd', 'sfm', 'zajx', 'jqbv', 'boo', 'qwdtvo', 'pscjpj']",64,106,115,109,119,109,FALSE
"['zdhylfjzx', 'kvmbvsb', 'bmuny', 'rbc', 'gutw', 'csvga', 'mdixvrgcuc', 'lbm', 'gkyjpk', 'pnsztauve']",113,111,92,93,92,112,FALSE
"['eligble', 'mctypri', 'zcqilrwv', 'ujqed']",113,108,91,110,63,117,TRUE
"['dmuac', 'kbuzkfokxc', 'bxusri', 'ovaukek', 'zco', 'yyjeeenzy', 'qgj', 'quw', 'nph', 'azqlux']",64,82,61,85,78,83,FALSE
"['esxzqup', 'gpetgf', 'yaig', 'bgwnikkv', 'jphucv', 'eligble', 'ohoksny', 'olirkp', 'dpdiz', 'xhmslkbtft']",75,75,73,73,111,79,TRUE
"['jrc', 'nwxgda', 'fxrbclnrtf', 'etikqt', 'jxlnyo', 'gabqbskdgs', 'lupml', 'vrpaga', 'uss', 'axbz']",70,101,69,105,66,113,FALSE
"['wtmpueqhlx', 'rghg', 'bojlnlim', 'wmnswhcyp', 'fabgfx', 'nxqujeh', 'zrjmoxvlji', 'cplamquai', 'wquczlfhs', 'jxouxbwr']",119,105,91,112,104,116,FALSE
"['qpngha', 'jrnxqnfvn', 'dcij', 'wuwmob', 'hflozbfee']",79,114,92,113,81,67,FALSE
"['vdkx', 'njke', 'ywqio', 'jwviycojim', 'ndael', 'wljcv', 'rduhinsys', 'orh', 'wer', 'hva']",92,85,67,78,92,104,FALSE
"['xkookeizj', 'kloxnzkp', 'piirch', 'hhj', 'ytjmde', 'vpbcajd', 'zet', 'drhczlod', 'clqcxre']",103,110,93,94,118,76,FALSE
"['mtriiro', 'ghceqm', 'kwarq']",67,83,91,80,90,109,FALSE
"['bsnmf', 'toou', 'dnfcqkxbc', 'pdyljgc', 'sdrcuuqr', 'yihi', 'aqzgfw', 'kksf']",60,115,85,108,87,114,FALSE
"['smtmhcxrl', 'uidoaxml', 'eyrkugfaso', 'uvni', 'uxhu', 'tkyxycic', 'biahsi', 'cip', 'ivizkjhty']",72,109,93,104,115,71,FALSE
"['nacenk', 'cztkypza', 'nybmlnjpqm', 'omdurtlb', 'uuufh', 'zlsjeyce']",63,69,78,65,84,93,FALSE
"['hyxicypiuw', 'gauwwinqa', 'bxnopnwqj', 'xgwuj', 'syuqmfohh', 'eqgpibwdt']",78,109,100,113,115,76,FALSE
"['askxlx', 'jntywhihed', 'yhlsqfxfvr', 'dhxh']",111,118,119,61,103,112,FALSE
"['kulqh', 'zzie', 'hiplzbcpi', 'vlk', 'mfkqt', 'dnvvc', 'mvu', 'ywqabtra']",116,102,92,109,100,80,FALSE
"['eth', 'cyuzwva', 'epphaknxt', 'iug', 'cilmroutj', 'pzeaqcrabf', 'dgxt', 'hsszpli', 'xvyltmssvq']",60,74,116,72,104,79,FALSE
"['sphs', 'ocec', 'vvbjxnjsq']",100,104,117,104,78,70,FALSE
"['kcwttplo', 'bspmz', 'eligble', 'kcypsdqmfe', 'rzpc', 'gcr', 'wssxmqi', 'ocd', 'bhcgv']",111,83,64,70,105,86,TRUE
"['abhjur', 'xolffgamcg', 'ekjayuk', 'ufqzgcheeu', 'fbk', 'ymggvar', 'gemmdeqkv', 'iinxwt', 'ryrjwkdlhw', 'dxjyjviw']",114,78,65,68,89,90,FALSE
"['mmeaipyu', 'altjp', 'ffgrxisd', 'jea', 'euss', 'yomjqizo']",85,119,87,108,100,68,FALSE
"['zvjoxzin', 'eeqdvnp', 'khvstr', 'eligble', 'vtac']",118,73,116,68,107,61,TRUE
"['soivpk', 'cxv', 'zba', 'cutkpjtt', 'mutp', 'pdukyy', 'iflzgt', 'rqvo', 'jeavudrwto']",74,96,96,114,63,67,FALSE
"['djyipkrv', 'cpibhllc', 'oqkmtv', 'bytycdj', 'njov', 'mdaond', 'wixb']",108,68,76,61,66,77,FALSE
"['jixzcv', 'quofmrwjfw', 'jruvn', 'mrclopu', 'iwf', 'rnkjuddudj', 'dcdj', 'cetffuhy', 'dmw', 'umltsji']",90,89,79,77,90,101,FALSE
"['wxbh', 'rjhlyhdg', 'ctwv', 'khivgruc', 'gkuyaraoo']",76,62,112,109,83,115,FALSE
"['bgjnd', 'qlwmwmygw', 'cdnb', 'ilpydlbuj', 'nvwwkrxs', 'iknvjsvyi', 'igp', 'kyxqm']",70,86,69,118,111,62,FALSE
"['xwz', 'gpaqiwrntz', 'vwxletcph', 'jvznjqpl', 'rrmyv', 'cauhcq', 'hbagwa', 'yrif']",82,116,71,116,65,76,FALSE
"['yxzmja', 'dheghtz', 'wlyflnnz', 'fqruphnlo', 'chethksfp', 'ykzwlx', 'isompz', 'gqgt', 'hwf', 'kvic']",114,110,87,110,91,107,FALSE
"['xkdscqubu', 'bvrszbdc', 'vkl', 'qplcja', 'vllldnxy']",106,110,90,87,88,113,FALSE
"['pav', 'hqtd', 'zpcncq']",77,80,95,112,98,68,FALSE
"['uper', 'kijujf', 'iud', 'oxn', 'eligble', 'nvpomdy', 'vakvwzmzqa', 'xlwryc', 'onoa', 'uzff', 'ciqraul']",111,76,91,63,99,105,TRUE
"['fiqdxryxsr', 'motjqmvp', 'mqrcxm', 'ekirzfbi', 'iqpjmio', 'cutc', 'xahav', 'fvkwmvgp', 'frup', 'fpck']",61,113,90,61,105,78,FALSE
"['epdnzj', 'bllrchqq', 'xgafzen', 'uhrciueu', 'viucur', 'vmpvziibj']",60,106,118,69,97,87,FALSE
"['ywixsz', 'sstr', 'ycbqilcnt', 'idpkjxfkvi', 'jzcda', 'pbwru', 'wfsapquf']",117,92,62,101,113,108,FALSE
"['klqzcjz', 'ptpvfjbif', 'bjpkdj', 'xfxu']",67,61,67,113,101,93,FALSE
"['vmgkldxpy', 'btmcgokqdf', 'mexszaima', 'ovbnfsp', 'pgygieim', 'llgtbswpat', 'ttszh', 'uymt']",117,66,79,79,94,68,FALSE
"['jjvtprcuz', 'spuwjddjf', 'upet']",62,77,87,102,61,97,FALSE
"['xosqamjc', 'hrtca', 'wiwmqk', 'yzcijfxinz', 'oazavjejj']",84,70,80,71,87,60,FALSE
"['butgx', 'eligble', 'dfgtrlwwn', 'oflgyej', 'rfoapidgc', 'tiphhnp', 'yss', 'mfuxxjm']",98,85,117,85,83,111,TRUE
"['frj', 'uojj', 'eligble', 'oenb', 'evn', 'kqfjwxe', 'focub']",75,63,79,91,101,107,TRUE
"['gxzdtqmg', 'ksxqw', 'wsfizw', 'mny', 'sepeegx']",83,84,94,87,91,61,FALSE
"['zum', 'obmrz', 'xhrajohmj', 'eytchxurw', 'sxy', 'fiazu']",107,116,93,108,116,83,FALSE
"['kinv', 'uwzwjwc', 'fxeecfes', 'qlsgnvrjf', 'lvzhhv', 'cpdbsesl', 'qvmbalbih', 'ihrra', 'qyuzuk']",110,60,63,82,87,84,FALSE
"['lqsgvn', 'ofwjc', 'okjpyr', 'mjevyctmgy', 'vuy', 'pdypau', 'ycxwrb']",104,65,62,74,99,72,FALSE
"['dpbys', 'vwsgykqw', 'ehtv', 'kiuqknlvl', 'kcftxrs', 'lwszum', 'lrpva', 'lpbj', 'npvk', 'jhnmymv']",103,113,90,60,114,100,FALSE
"['lhgj', 'ryo', 'nygcx']",78,105,68,80,93,71,FALSE
"['tuuvz', 'leeineh', 'flaxjwnhm', 'tbn', 'ifcfxdlvif', 'iyqecimlq', 'uvlnoumft']",86,114,118,76,86,80,FALSE
"['ducbpcw', 'rkhki', 'kundxc']",67,107,116,117,91,101,FALSE
"['pkytl', 'nohuqio', 'fzmvh', 'dcvttddmsi', 'squh', 'ooqkck', 'tdsfe', 'eligble', 'hurdyyxb']",87,71,103,106,81,82,TRUE
"['ojgha', 'gtstnxfb', 'hacsgp', 'tadywdwte', 'zxjc', 'jzrzcdoe', 'bqcnjwhaus', 'pyuijyn']",69,95,102,79,86,118,FALSE
"['vacj', 'qzrfx', 'skqnir', 'wyrsiyrc', 'ipobe']",116,88,109,68,97,109,FALSE
"['tpkscm', 'shnpoz', 'dxldxnbf', 'gax']",90,63,117,114,118,65,FALSE
"['wmrpuz', 'fvtjvoo', 'eligble', 'wappwppy']",117,68,63,100,110,78,TRUE
"['rovzncxk', 'cjzaaou', 'ogk', 'tlkrmb', 'uuhkcugz', 'dxceshhwxa', 'anulop', 'ldvq', 'ifqfhz']",117,109,81,67,103,118,FALSE
"['bauntvvqd', 'eligble', 'elfrke', 'fzuiz', 'yiz']",107,110,91,82,106,67,TRUE
"['eukrkxz', 'etbg', 'tii', 'rriplgbl']",69,84,82,63,76,107,FALSE
"['eligble', 'ybkdihpw', 'aduqdqugi', 'kaezbwwt', 'dwhdegbh', 'vsab']",88,82,77,62,80,119,TRUE
"['phdcl', 'fqifximh', 'edu', 'amwlbzxwjx', 'karenewora', 'eligble', 'obnzh', 'esudsjofhd']",93,116,68,83,104,67,TRUE
"['tpkddnmvif', 'lclpfgktgm', 'vvaqyfrjf']",78,69,62,73,92,101,FALSE
"['xvtjt', 'nunmi', 'vjd']",67,113,80,84,86,89,FALSE
"['jjobeq', 'euosjfpbbl', 'iigsg', 'erxudt', 'kxzefj', 'tvjhmy', 'jomb', 'ycnhhcqm']",101,63,82,105,118,86,FALSE
"['dsqgzeihpv', 'ygdyes', 'lqzvfhx', 'ukf', 'uwmgvwkw', 'eligble', 'agkgda', 'qyhgk', 'bcxuqfeyp']",73,112,63,96,61,77,TRUE
"['cjt', 'gkeb', 'wtv', 'ettuwtiog', 'hisda', 'pxvkujnj']",69,105,105,68,101,67,FALSE
"['womgfzhb', 'yxidrzqhb', 'zjlx', 'ytwlq', 'ibkwxxsnt', 'eligble', 'uxocgwr', 'yyuxoe', 'gevmx', 'tdko']",71,60,99,96,61,112,TRUE
"['jjcnt', 'tnlkqraui', 'cyaupqiq', 'zxkeja', 'qeorm', 'lhkeuce']",118,71,96,109,72,112,FALSE
"['yeoyoegj', 'ebnxn', 'ftdl', 'soq', 'atbgtpper', 'avkqwuxhbj', 'mtun', 'emtygcg', 'jytw', 'midkfibxy']",80,73,80,74,89,111,FALSE
"['eligble', 'xymizncoj', 'xrxjtwncij', 'vgmkizh', 'shwerfw', 'kvfnmu', 'oimlccdxe']",109,85,73,92,93,119,TRUE
"['eplmitrhbl', 'eetm', 'ozajjlp', 'kacu', 'aurauk', 'biktw', 'rdixrtmyv', 'qkdxndtnx', 'ssiti', 'imnyyjrguj']",81,111,100,106,65,88,FALSE
"['swx', 'jxm', 'eoebcezqq', 'pltrrguoqz', 'zbiqpsnjs', 'sgcj', 'rumtpsof', 'ffchkwnq', 'iiunwsu', 'cfqgroxja']",100,93,96,102,106,84,FALSE
"['nplzotmg', 'zxeazrov', 'znyc', 'eligble']",65,91,80,62,82,96,TRUE
"['fpxtlzluny', 'jdkgeche', 'ute']",100,69,76,61,114,88,FALSE
"['gmghjwfac', 'pengjrd', 'ueqanj', 'oqzji', 'urfqxp', 'ftnlqu', 'rvohz', 'wvv']",118,84,112,88,76,112,FALSE