Orders,POPM,AD,BCS,ASD,ERC,SADA,Decision
"{'pxxhksy': [9, 1, 9], 'fxru': [10, 1, 7], 'yetybi': 'din'}",105,117,94,79,111,95,TRUE
,104,74,76,93,101,97,FALSE
,61,114,101,102,73,63,FALSE
"{'bobjq': 96, 'mbahpwww': 91, 'blv': 3, 'xdhkk': False, 'wapaywyf': [6, 8, 0]}",115,82,98,73,103,103,TRUE
,118,103,90,116,94,88,FALSE
,71,109,120,74,95,110,FALSE
"{'erq': 'pxtzukfe', 'yosm': True, 'czx': 51.21, 'wjdmhhr': 6.9, 'rjbc': 88}",66,76,80,103,119,90,TRUE
,78,75,109,106,65,66,FALSE
,110,85,87,98,106,85,FALSE
,87,69,98,75,68,61,FALSE
,113,95,115,63,108,94,FALSE
"{'wgu': 66, 'cueespmm': 6.15, 'gxi': 21}",86,91,90,66,106,91,TRUE
"{'qpooogyi': 85.43, 'mygxhq': 96, 'vopoo': 68.55, 'esfbknyb': 16.0, 'whrhimrj': 'jtyziwwlnu'}",106,87,104,75,95,94,TRUE
,73,96,105,90,78,101,FALSE
,101,95,64,63,75,99,FALSE
{'roc': True},97,96,63,61,95,66,TRUE
,62,76,108,120,108,96,FALSE
,71,64,117,92,119,98,FALSE
{'wjkpqzp': 'mxzanm'},93,68,83,85,71,68,TRUE
,70,99,71,109,102,99,FALSE
,118,117,90,97,95,83,FALSE
,75,101,81,68,81,83,FALSE
,61,84,97,79,106,106,FALSE
"{'qnhiwdvk': False, 'xept': [7, 4], 'uvpptzev': 'mutlmjlww', 'hcqvmode': 'wcjpopra'}",102,88,101,104,92,102,TRUE
"{'btxvcde': 'pagcph', 'ilipij': 'pchetaec'}",80,110,100,112,108,68,TRUE
,84,112,75,76,101,90,FALSE
,102,101,111,115,119,70,FALSE
{'dub': [8]},87,96,75,60,71,107,TRUE
,115,107,80,111,113,98,FALSE
,108,70,71,61,113,78,FALSE
"{'pgwec': 'chrnosv', 'lfko': 81}",62,83,68,65,104,62,TRUE
,68,63,88,112,68,74,FALSE
,109,85,94,94,84,92,FALSE
,78,112,67,84,113,105,FALSE
,84,89,117,111,97,71,FALSE
"{'lsbixfp': 53, 'tnqrtxd': 15, 'jkjh': True, 'hxjx': 82, 'snt': 69.63}",82,100,113,78,96,90,TRUE
{'shuybfm': 1},68,113,65,91,88,104,TRUE
,113,86,103,98,99,87,FALSE
,112,89,116,75,111,119,FALSE
"{'jgwasj': 49, 'zgmlgij': 68}",92,114,101,112,107,103,TRUE
,86,89,69,62,112,65,FALSE
,120,114,105,111,61,60,FALSE
"{'qnpkta': [3, 5, 9, 8], 'shbkcyk': 'nwp', 'hxieksh': 38}",103,79,63,94,112,111,TRUE
,112,104,66,108,72,91,FALSE
,83,71,74,80,104,72,FALSE
,84,109,91,76,75,68,FALSE
,82,104,116,97,71,79,FALSE
"{'yenv': 52.11, 'mobid': 13.2, 'dvcje': True, 'dty': 11}",66,110,89,111,118,88,TRUE
"{'njchqndm': 'ufphrb', 'iyacv': 29, 'aagy': 5.29, 'alme': True, 'gccuqr': 90.95}",73,114,96,71,69,75,TRUE
,80,78,65,67,108,87,FALSE
,68,104,83,116,69,84,FALSE
"{'nvkqp': 13, 'dkblna': 'eajndudgc', 'zft': 7, 'vbf': [2, 8, 1, 1]}",78,82,116,90,113,98,TRUE
,81,98,68,76,64,114,FALSE
,116,116,69,108,73,87,FALSE
"{'cmdlo': [1, 3, 4], 'fywru': 10.33, 'pribodzg': 'mbatio', 'innwulft': 49, 'apk': [5, 7, 2]}",71,73,62,79,72,70,TRUE
,111,75,62,72,89,64,FALSE
,61,105,91,68,116,71,FALSE
,117,66,89,88,105,62,FALSE
,95,117,69,93,84,76,FALSE
"{'htj': [1, 9], 'lwzgbzq': 84, 'gweyjo': 39, 'qhtl': False}",85,119,83,73,75,62,TRUE
"{'bzaytdf': 'exxiwvs', 'hwigeez': 31, 'gkryp': True, 'ekdzy': [0], 'rdbu': [5, 4]}",77,96,108,101,86,116,TRUE
,86,106,84,94,111,76,FALSE
,86,94,118,97,108,106,FALSE
"{'qrplb': False, 'twf': True, 'cnpi': False, 'githwi': 28}",85,117,81,88,119,72,TRUE
,68,65,97,72,93,68,FALSE
,77,68,71,68,98,64,FALSE
"{'vgzaexhi': [10], 'znnhomvp': 91, 'wjebsao': [9], 'edifjjzc': [3, 9]}",115,117,75,103,61,111,TRUE
,114,81,70,112,97,100,FALSE
,118,64,76,97,88,106,FALSE
,61,69,118,72,91,80,FALSE
,92,86,97,90,95,70,FALSE
{'kkpkf': 8},91,82,65,91,91,113,TRUE
"{'asyw': 37, 'who': True, 'axzeco': 27.89}",92,69,114,81,75,87,TRUE
,113,76,100,117,103,78,FALSE
,92,116,97,78,75,116,FALSE
"{'vdkmxfuj': 'hcxtgwx', 'ynrfke': False, 'ygzkixs': True, 'kszn': 92.74, 'yqvlp': 'blzbyesw'}",99,92,74,86,90,83,TRUE
,86,120,83,86,76,84,FALSE
,64,79,63,84,83,79,FALSE
"{'eawwyh': 11.52, 'eycmis': 15.49, 'vjouwdc': True, 'zwsbqjp': [9, 6, 2], 'fmdk': False}",115,112,63,77,113,80,TRUE
,83,102,94,117,84,69,FALSE
,104,78,63,109,67,112,FALSE
,118,65,109,99,96,87,FALSE
,104,103,82,79,114,83,FALSE
{'uzmkxbg': False},102,117,119,75,62,68,TRUE
{'clwaqv': 17},97,65,76,75,82,110,TRUE
,115,91,116,79,66,109,FALSE
,96,84,67,112,89,83,FALSE
"{'ldug': 52.92, 'pxzugyhr': 47.97, 'swkq': 'brvwtppe', 'yocmle': 'qklxqs'}",77,72,67,80,78,83,TRUE
,68,116,115,91,78,80,FALSE
,106,109,111,76,77,80,FALSE
"{'ljpcdye': 1.46, 'mwphi': True, 'ajvckpm': False, 'luit': 59}",112,84,92,77,99,105,TRUE
,107,75,83,107,60,88,FALSE
,112,73,78,109,64,109,FALSE
,73,104,67,119,93,63,FALSE
,77,61,114,95,89,115,FALSE
{'fqrueiq': 44.09},77,112,82,96,87,83,TRUE
"{'wqer': 'ezrae', 'pltsdel': True, 'cfonv': 52, 'pxhba': [0]}",64,82,82,73,73,103,TRUE
,86,87,85,62,89,72,FALSE
,82,87,78,116,107,68,FALSE
"{'vrbxlbev': 'txnaa', 'gtfhft': True}",77,74,65,95,86,118,TRUE
,91,72,70,105,73,82,FALSE
,104,105,69,67,74,117,FALSE
"{'kxt': 36.42, 'rvklpi': 'paojlvcid', 'omu': False}",70,116,97,79,76,108,TRUE
,88,60,110,104,102,91,FALSE
,98,62,79,116,100,87,FALSE
,84,102,78,73,87,101,FALSE
,111,108,82,106,118,97,FALSE
"{'ceunjk': [10, 6, 9, 7], 'yddstiuc': 64}",65,86,102,91,102,87,TRUE
"{'vnnzdxpc': 3.22, 'hqptx': 'jvi'}",70,76,109,60,62,76,TRUE
,109,110,68,102,117,77,FALSE
,76,63,72,61,116,88,FALSE
"{'ejzok': 55, 'ybckn': 54, 'mfvcfub': 11}",115,85,71,91,116,99,TRUE
,107,96,97,114,108,61,FALSE
,61,69,75,119,120,96,FALSE
"{'shcc': [1], 'whnjjvl': 59, 'mhkydnvl': False, 'ferahpd': [6, 10, 9, 9], 'ivarkhfm': [1, 4]}",82,68,77,105,87,66,TRUE
,103,84,66,77,61,84,FALSE
,67,81,114,112,64,96,FALSE
,87,69,75,113,93,91,FALSE
,85,74,102,118,110,62,FALSE
"{'tnt': [7, 4, 8], 'jto': 54, 'onwwelzv': [8]}",101,90,64,84,115,83,TRUE
{'sdawo': 72.9},89,94,91,62,98,84,TRUE
,71,93,113,119,93,63,FALSE
,117,83,93,110,108,114,FALSE
{'xvvqdmdk': 10},105,107,72,80,79,95,TRUE
,107,76,113,74,84,108,FALSE
,114,102,87,85,89,60,FALSE
"{'hksh': 34.9, 'dwbsqhze': 44, 'zaznjkqx': True}",60,85,105,72,82,109,TRUE
,95,76,102,110,60,118,FALSE
,97,91,118,98,64,81,FALSE
,91,115,88,100,85,69,FALSE
,95,119,70,95,98,64,FALSE
"{'zfbvhygr': 47.59, 'emf': 5.22}",113,73,71,115,116,114,TRUE
"{'mpiyc': False, 'muimrqm': 88, 'zxdjmdck': [10, 2]}",104,86,61,90,111,88,TRUE
,100,93,106,83,101,91,FALSE
,60,61,84,114,106,89,FALSE
{'neeai': 'aod'},113,102,107,90,74,77,TRUE
,102,95,99,101,89,105,FALSE
,120,117,92,77,72,81,FALSE
"{'boyvbpgc': [6, 10, 7, 10], 'qkcxwvug': 'qloxxd', 'xqar': False, 'jsteevsa': 4.8, 'hag': False}",79,60,115,87,69,98,TRUE
,93,97,81,82,110,109,FALSE
,86,66,101,77,62,103,FALSE
,83,108,69,63,77,92,FALSE
,78,83,105,93,69,91,FALSE
"{'azoi': True, 'exp': 53}",109,89,113,63,113,115,TRUE
"{'wpqm': 72.53, 'fntu': 'kgadulcwe', 'dfugwxuj': [5, 4, 9, 10], 'vhv': 41.98, 'wleitgh': [0]}",98,105,91,117,61,78,TRUE
,74,107,68,114,63,105,FALSE
,79,105,83,118,118,85,FALSE
"{'lnihgyoq': True, 'wodsoo': 'gxpnxc', 'gymuxt': 54.71, 'zpu': [6, 0, 2, 8], 'rdy': 'hnvhxqfg'}",116,120,79,80,119,112,TRUE
,120,72,66,99,100,93,FALSE
,108,106,109,112,94,60,FALSE
"{'isfhg': True, 'wflvitn': 'yvsfcnb'}",95,97,68,61,94,90,TRUE
,77,97,85,91,87,89,FALSE
,100,120,83,87,92,83,FALSE
,65,104,72,114,119,113,FALSE
,99,88,102,73,117,86,FALSE
"{'odbrumw': False, 'hshnds': 81, 'yra': 'nonudk'}",66,77,98,67,85,91,TRUE
"{'mtgvwy': 'umsfry', 'qbikgbiq': [4], 'gqlwzgok': 'nwbk'}",120,79,86,120,93,67,TRUE
,97,111,87,110,102,69,FALSE
,94,78,117,105,73,67,FALSE
"{'xpprayw': 22.66, 'lbxrw': 'rldb', 'ubwallhf': True, 'noqwmjl': True, 'fsg': [4, 1, 0, 5]}",82,111,98,70,117,89,TRUE
,102,83,120,77,65,89,FALSE
,80,110,69,103,81,60,FALSE
"{'gvjatg': [6, 2, 2, 3]}",94,75,114,98,79,83,TRUE
,73,96,77,110,117,106,FALSE
,80,78,103,81,118,117,FALSE
,76,62,72,98,114,61,FALSE
,77,66,80,82,118,72,FALSE
"{'nrr': [0], 'uzhmqvx': False, 'jsjflzys': 'uhmodpy', 'grnai': 43}",99,96,86,60,72,77,TRUE
"{'ujuyi': True, 'vutew': 59.49, 'zqt': 87.69, 'jdjg': 77}",116,99,97,106,83,69,TRUE
,69,76,115,87,104,69,FALSE
,81,114,82,79,114,102,FALSE
"{'izmyex': True, 'bzx': False, 'ctt': 27.24, 'pzwllra': 'yephttade', 'beep': 70.52}",119,76,85,112,104,107,TRUE
,78,114,102,65,62,78,FALSE
,103,63,69,91,111,112,FALSE
"{'kmiwygv': True, 'zlcez': 80.81}",113,101,120,74,76,87,TRUE
,72,84,104,86,111,99,FALSE
,89,60,104,62,86,62,FALSE
,90,105,78,80,117,72,FALSE
,93,97,108,117,69,102,FALSE
"{'ucnlode': False, 'ovc': [4], 'rbtxwyk': 5.48}",81,101,95,115,115,102,TRUE
"{'lyznwrv': True, 'ani': 24.03, 'crmghrmx': 14.91}",78,110,62,63,106,94,TRUE
,68,93,80,77,105,93,FALSE
,74,63,73,96,63,117,FALSE
"{'dac': False, 'acmwvf': False, 'vkckbps': 12, 'bdxo': 'ycsamydogx', 'ommgaavt': [9, 7, 3, 4]}",92,103,88,86,65,65,TRUE
,67,72,92,115,116,65,FALSE
,94,112,119,116,93,118,FALSE
"{'xaowy': 63.43, 'owsrwdkx': 84, 'fdgbmmxy': 16.86}",72,77,62,113,119,81,TRUE
,105,76,119,69,104,92,FALSE
,115,92,113,84,66,103,FALSE
,74,90,105,67,60,85,FALSE
,63,88,120,74,60,69,FALSE
{'tobt': 'pxj'},62,68,68,63,119,79,TRUE
"{'cprmkuw': False, 'iigxcj': True, 'iurarjnq': [3, 10], 'phcxpmhb': 51.0, 'nbtjde': True}",66,95,83,82,89,101,TRUE
,84,79,105,70,64,83,FALSE
,74,78,74,113,110,111,FALSE
"{'jik': [1, 1, 6], 'nhr': True}",65,89,67,102,104,114,TRUE
,84,101,101,87,68,112,FALSE
,64,74,70,67,119,109,FALSE
"{'tkxffsa': 21.18, 'wgtg': 5, 'iwszr': [2, 1, 7]}",94,120,75,73,65,77,TRUE
,77,83,95,81,68,117,FALSE
,70,72,93,78,83,83,FALSE
,71,110,79,74,87,110,FALSE
,83,102,98,102,80,85,FALSE
{'yuta': 63},95,98,115,92,113,60,TRUE
"{'sqeq': True, 'rawqk': [8, 7], 'wlajw': [3]}",95,75,65,84,101,91,TRUE
,111,68,86,76,75,113,FALSE
,78,117,118,110,69,72,FALSE
"{'jvyqm': True, 'xraha': 'zxvhg', 'lyftnlyq': False}",95,112,64,111,70,111,TRUE
,112,82,67,116,91,90,FALSE
,60,77,112,88,113,87,FALSE
{'qtwyxkx': 'chcvxxjg'},66,62,86,69,114,85,TRUE
,102,64,118,80,112,68,FALSE
,120,82,71,109,116,61,FALSE
,66,106,87,79,98,114,FALSE
,74,81,75,103,113,104,FALSE
{'uwinlitx': 59},113,60,72,85,91,101,TRUE
"{'dlr': [2, 7], 'ycgtxm': 1.54, 'svh': 'fli', 'tcm': 33.36}",106,115,81,99,119,105,TRUE
,74,119,95,82,114,69,FALSE
,67,114,71,101,87,114,FALSE
"{'jvg': 51, 'pnlaryf': 70, 'rsx': [1, 2, 4, 6], 'wqwodmnb': 'wimuq', 'mtwd': 'nyhrees'}",116,80,92,114,101,69,TRUE
,110,69,88,66,113,65,FALSE
,71,116,114,102,103,112,FALSE
"{'ehw': 'irb', 'yxkrz': True, 'skurlqi': 'trvw', 'yekdn': 'dwgfkuok', 'igzq': 43}",99,72,110,86,77,78,TRUE
,68,98,98,114,104,107,FALSE
,77,85,105,106,84,107,FALSE
,79,61,116,66,81,90,FALSE
,78,64,109,61,84,91,FALSE
"{'ckf': [1, 4, 9]}",84,97,97,93,71,116,TRUE
"{'onmk': 39.9, 'ksj': 'jurzkmmeag', 'dql': 6.18}",110,104,107,75,67,102,TRUE
,92,97,110,78,93,110,FALSE
,89,63,74,90,69,112,FALSE
"{'jojntfec': 'hhiwcjnuav', 'radg': 'wpzjp', 'gsmu': 'amfpnic', 'nvjoqxak': 87.76, 'tqfm': 66.33}",88,100,101,88,90,74,TRUE
,102,115,110,67,82,62,FALSE
,73,103,104,119,94,87,FALSE
{'fprrub': True},74,80,114,110,81,94,TRUE
,119,112,102,76,85,92,FALSE
,108,114,106,102,110,74,FALSE
,64,98,92,116,119,68,FALSE
,82,74,83,109,87,117,FALSE
{'ldbq': 92},69,110,64,84,94,109,TRUE
"{'aahkalbz': 'uilm', 'fkesufm': False}",70,100,94,116,94,61,TRUE
,66,73,70,87,112,86,FALSE
,77,78,91,100,107,112,FALSE
{'bms': 'xsuwus'},107,90,113,108,74,108,TRUE
,111,74,64,87,80,91,FALSE
,85,91,61,96,60,71,FALSE
"{'cvyq': 88.02, 'kgv': 'fgpj'}",94,81,101,101,68,64,TRUE
,95,111,91,109,81,92,FALSE
,66,95,71,79,99,90,FALSE
,79,119,99,91,107,66,FALSE
,94,102,85,87,99,63,FALSE
{'mhfpzx': 'pdozzgx'},85,96,69,71,98,98,TRUE
{'lphcyjyd': 'xwoh'},107,90,97,107,69,104,TRUE
,80,76,97,87,92,101,FALSE
,79,120,94,95,89,78,FALSE
"{'emn': 80.93, 'skfwobq': False, 'ifou': 51.12, 'idrzxdr': [4, 9, 4], 'efkeh': 45.27}",90,66,112,111,63,89,TRUE
,75,103,60,118,101,60,FALSE
,98,114,96,112,95,94,FALSE
"{'eupp': 4.73, 'gdimi': [7, 10, 0, 8], 'nooly': False, 'exuxs': 'uudtjjne', 'htvkym': True}",85,86,69,91,118,77,TRUE
,90,70,90,110,105,97,FALSE
,84,64,109,97,90,74,FALSE
,105,104,97,87,87,78,FALSE
,91,83,68,82,91,119,FALSE
"{'ghx': 5.28, 'gmvhg': [7, 5, 8], 'mrmjfpvr': True, 'hif': 48}",94,100,102,90,70,70,TRUE
"{'uotcgpe': 96, 'xph': [4], 'kkhcikz': True, 'ykcqsd': 96.8}",102,103,96,89,74,92,TRUE
,104,112,83,73,74,92,FALSE
,101,71,64,79,111,91,FALSE
"{'rqk': 24.94, 'yvibnlhj': 'req'}",109,75,77,97,75,109,TRUE
,120,114,105,87,100,102,FALSE
,76,73,101,79,81,86,FALSE
"{'qrc': 100, 'mdft': True, 'poueiww': [8, 5], 'viplfjh': 'dqdojeqqzr', 'ritxmp': [7, 9, 8, 9]}",90,102,82,88,69,113,TRUE
,101,96,70,113,67,65,FALSE
,96,118,82,86,113,68,FALSE
,111,93,74,120,86,92,FALSE
,79,120,88,99,77,92,FALSE
"{'ddvf': [10, 7, 1, 1]}",99,86,83,113,99,104,TRUE
{'nric': 'skkhpookq'},91,77,99,81,88,64,TRUE
,71,100,68,66,64,65,FALSE
,68,97,94,77,70,115,FALSE
"{'kmizcf': 'lil', 'hhewh': 43.65}",95,79,91,103,79,67,TRUE
,85,115,116,107,71,78,FALSE
,77,114,96,118,76,80,FALSE
"{'pgpoauom': True, 'bqxhstr': 'xkkany', 'cizxi': 'qsgxngmprj', 'vowqjbqd': [3, 7, 3, 4]}",83,81,102,96,69,102,TRUE
,75,88,99,115,104,101,FALSE
,81,109,119,105,85,118,FALSE
,63,99,89,78,108,77,FALSE
,101,76,73,105,84,90,FALSE
"{'knf': True, 'uvj': 35, 'qmjpo': 'nvcyrsjsxg', 'mjzbcrh': False, 'gvoojbvm': False}",99,66,87,116,96,71,TRUE
"{'gxbtsfw': [4, 3, 5, 5], 'midvplpq': 'aajqo'}",60,72,89,71,96,103,TRUE
,119,107,115,113,100,118,FALSE
,77,94,88,85,88,109,FALSE
{'nmuyyvf': 59.07},100,63,82,109,119,112,TRUE
,107,107,82,80,84,114,FALSE
,76,113,99,63,77,95,FALSE
"{'hcrsjhb': [10, 2], 'ucw': 58.65, 'dkxw': [10, 7, 10], 'uxzm': False, 'cgejhh': True}",114,60,99,69,95,118,TRUE
,70,67,60,116,63,72,FALSE
,109,91,102,113,77,65,FALSE
,60,118,79,97,80,93,FALSE
,105,103,100,111,90,62,FALSE
"{'yiiz': 77.35, 'vsvz': True, 'qct': 35, 'daaa': True, 'mslbcxns': 88}",96,71,119,100,114,95,TRUE
"{'hueufmss': True, 'pmxpog': 'uyonvhhrto'}",93,119,78,94,111,102,TRUE
,80,82,105,81,83,91,FALSE
,114,112,120,87,91,66,FALSE
"{'tavsenqv': [10, 9, 0]}",107,84,86,96,90,75,TRUE
,66,112,117,93,79,62,FALSE
,62,61,86,105,86,113,FALSE
{'nbzk': 92.86},70,68,111,76,99,88,TRUE
,69,91,64,80,78,109,FALSE
,85,83,102,119,85,73,FALSE
,76,85,64,71,71,106,FALSE
,78,85,107,117,91,92,FALSE
"{'yeuljrv': [2, 7], 'yppqkq': 64.43, 'cfygiic': 'ajgulwfla', 'dokwc': [9, 7, 0], 'kjyatwh': False}",76,97,71,78,66,97,TRUE
{'ddauiv': 'qszgguihmd'},103,111,102,113,63,84,TRUE
,101,104,63,70,109,91,FALSE
,82,117,112,106,68,69,FALSE
"{'bqptikmp': 16.6, 'einf': 77}",68,94,75,95,63,66,TRUE
,108,90,66,92,114,108,FALSE
,106,117,94,65,117,113,FALSE
"{'bghog': 48.0, 'qeczaii': 39.92}",110,65,111,89,87,88,TRUE
,86,113,87,83,95,92,FALSE
,108,109,88,113,100,71,FALSE
,71,78,77,99,110,118,FALSE
,97,103,110,114,81,108,FALSE
"{'kxcpd': 73, 'mtjyqjs': 36.33}",61,99,89,99,114,109,TRUE
"{'utyxtjmk': 'hhiwkwtlx', 'asgwyus': 43}",71,87,87,78,104,119,TRUE
,97,102,73,95,112,64,FALSE
,90,105,80,67,91,100,FALSE
"{'wtybiq': 'rmvaq', 'qcpodrkp': 'xzg', 'how': 'qkqo', 'zwdurr': True}",104,74,63,97,81,90,TRUE
,87,80,108,93,119,85,FALSE
,94,75,78,118,76,95,FALSE
"{'hjnujzu': [10, 6], 'vwuzy': [5, 7, 5], 'rylvcm': 'stlbppfbjr', 'jyyxku': 76.36, 'ttyy': False}",95,60,62,79,60,96,TRUE
,97,72,93,102,76,108,FALSE
,62,119,112,102,60,74,FALSE
,116,112,110,105,107,93,FALSE
,65,117,118,117,116,99,FALSE
"{'vnt': [4, 9, 6, 10], 'tzsnu': 24.5, 'eolsdx': [6, 2, 10, 2]}",88,80,105,91,89,107,TRUE
"{'ynihsjth': False, 'leqltv': 56.16, 'nuvqnk': [3, 7, 6], 'rvynzkrf': 79}",116,96,97,102,120,104,TRUE
,107,102,117,119,95,93,FALSE
,84,61,74,95,68,90,FALSE
"{'ueloqwi': 65, 'lfbzcrp': [1]}",69,105,75,63,92,84,TRUE
,113,81,85,110,104,87,FALSE
,85,113,79,64,112,119,FALSE
"{'eaztjgw': [3, 2], 'wft': 8, 'katmfax': 'ektfipvta', 'amvvsgfq': 54.56, 'txs': [9, 8]}",92,104,65,94,70,77,TRUE
,60,65,115,114,68,64,FALSE
,75,75,79,78,64,115,FALSE
,99,90,83,85,118,76,FALSE
,97,118,97,96,60,61,FALSE
"{'gfuht': [10, 3, 1], 'gpatejdy': 61, 'baqzb': 36, 'lcayxi': 43.03, 'jiy': 'pkr'}",120,73,74,107,85,68,TRUE
"{'eoup': 38, 'vjpcmlf': 21.57}",115,120,66,79,75,65,TRUE
,71,90,109,91,114,104,FALSE
,84,111,114,120,72,92,FALSE
"{'ebbxsh': 77, 'hrbilmfk': 77, 'qvwiusj': 42, 'msebzzwe': False}",114,88,99,96,120,115,TRUE
,106,99,96,85,111,119,FALSE
,114,113,62,65,98,63,FALSE
"{'olk': 31.0, 'ocwgrkt': 14.92, 'kjiomz': 39}",103,115,113,105,71,110,TRUE
,115,96,91,87,115,88,FALSE
,82,98,69,99,96,85,FALSE
,104,77,106,115,62,108,FALSE
,118,74,86,79,96,87,FALSE
"{'mesgskwy': 43.69, 'ftntlki': 74}",62,67,76,60,95,80,TRUE
{'qotgkteb': 51.74},117,107,110,75,89,116,TRUE
,112,82,117,84,90,100,FALSE
,72,80,80,98,71,113,FALSE
"{'puvuyhtl': 78, 'esc': 98.38, 'zqnylxz': 85, 'cxqmxoxq': [8, 3]}",98,106,81,118,87,119,TRUE
,63,68,104,61,105,75,FALSE
,112,112,108,64,120,65,FALSE
"{'aqwb': 72.07, 'bfub': [0, 6], 'tkkdsf': 31.96, 'mcxhwerh': [7, 8], 'nrfogzex': 28.4}",104,70,61,89,111,69,TRUE
,112,61,77,76,119,116,FALSE
,97,79,91,64,101,99,FALSE
,117,96,71,106,83,118,FALSE
,95,85,108,84,76,61,FALSE
"{'fjht': 27.11, 'vknuboyd': 26.81, 'tzch': 'zkih', 'cmzjmh': 90}",69,120,119,96,96,80,TRUE
{'csrgmif': True},91,93,61,74,82,71,TRUE
,108,75,116,88,62,70,FALSE
,108,74,107,89,81,112,FALSE
"{'roz': 37, 'zottci': 'kwspvzfx', 'ypf': 12.29, 'qunwu': 62}",92,111,90,88,74,83,TRUE
,68,87,109,109,109,91,FALSE
,102,64,102,118,105,82,FALSE
{'didz': 'wzgttrylk'},84,114,110,61,78,94,TRUE
,61,84,74,106,73,98,FALSE
,80,94,81,95,93,117,FALSE
,119,108,61,80,91,88,FALSE
,78,105,101,83,67,85,FALSE
{'ogiml': 27},104,66,99,86,98,74,TRUE
"{'zxbcqtoj': 'ncts', 'sonlvd': [1]}",119,93,104,101,107,106,TRUE
,81,107,69,99,115,66,FALSE
,96,108,65,64,105,111,FALSE
"{'lexk': 60.54, 'ggokx': [6], 'ctpiuc': 96.31}",89,97,75,106,94,112,TRUE
,74,93,77,117,88,111,FALSE
,80,97,100,103,62,115,FALSE
"{'keqdorzk': [4], 'likp': 'kgmbza'}",100,70,120,105,88,112,TRUE
,108,113,114,118,96,88,FALSE
,79,75,79,64,96,108,FALSE
,100,91,81,77,111,62,FALSE
,98,90,100,88,120,113,FALSE
"{'mecwzp': [9, 9], 'kkklalxf': 53.16}",94,105,112,112,87,62,TRUE
{'jpisy': 45},109,83,109,85,75,120,TRUE
,115,63,87,86,84,65,FALSE
,96,91,72,112,99,98,FALSE
"{'xkhnpk': 82.02, 'cfjngbo': 47.1, 'yjmhfou': 97.06, 'kixoe': 'djdkfhv', 'ddk': 84.4}",98,94,90,79,64,83,TRUE
,113,91,112,61,113,110,FALSE
,111,106,103,114,64,74,FALSE
"{'mtehfps': False, 'yfn': 'glngj', 'bbuw': 'wpogxcooel'}",67,106,86,68,103,70,TRUE
,84,66,88,92,118,92,FALSE
,83,105,120,64,75,81,FALSE
,89,63,96,83,74,62,FALSE
,115,73,73,69,104,72,FALSE
"{'dbllkly': 43, 'gitl': [5, 9, 8], 'zuwklk': 69}",113,108,70,93,83,78,TRUE
"{'vfati': 22.59, 'sgo': [3, 8], 'wpxf': [0, 6, 2, 9], 'sxobwpq': 66.23, 'cboq': 22.69}",87,116,69,69,107,112,TRUE
,115,61,61,95,81,81,FALSE
,73,66,72,106,120,108,FALSE
"{'whwui': 'ffb', 'ofc': 'uarmfa'}",114,69,82,71,95,101,TRUE
,80,64,112,93,79,94,FALSE
,72,95,113,108,108,100,FALSE
"{'kytar': 25, 'hmspblf': [5, 8], 'drjpmysd': 'qmciozi', 'efeo': 'drpqbz', 'nau': 'dmabm'}",85,112,63,107,66,99,TRUE
,102,101,76,60,65,62,FALSE
,93,63,120,115,96,113,FALSE
,61,75,112,118,120,100,FALSE
,105,111,91,97,100,88,FALSE
"{'uiiabb': False, 'bbohjdt': False, 'szaslruy': True}",102,93,79,91,77,65,TRUE
{'jrnseo': 35},78,92,61,71,103,95,TRUE
,101,81,65,78,72,65,FALSE
,116,71,104,93,75,73,FALSE
"{'jlkb': 'bzqhqbsbnb', 'xgczt': [3, 2, 6, 4], 'gfdobwvh': 51.26}",105,98,74,75,93,105,TRUE
,109,112,102,108,104,72,FALSE
,100,89,61,83,100,84,FALSE
{'dujug': 80},84,104,104,82,75,91,TRUE
,95,61,82,76,78,78,FALSE
,62,120,101,85,110,120,FALSE
,110,74,107,119,117,104,FALSE
,75,65,82,93,91,96,FALSE
{'hbvfagin': False},74,97,113,108,103,80,TRUE
"{'tcxaw': 'ghebjgsg', 'wdryosk': 25, 'ovcf': [2, 1]}",85,119,100,69,107,116,TRUE
,64,100,75,107,86,71,FALSE
,65,117,101,112,95,99,FALSE
"{'exwedymb': 87.13, 'mnv': 'frloi', 'hcv': 99.43, 'agu': 28, 'mscxh': [1, 1, 1, 10]}",116,116,89,75,62,91,TRUE
,71,116,93,105,85,82,FALSE
,72,64,104,108,91,90,FALSE
"{'zmouycvn': False, 'fyxawjf': False, 'eaqvx': False, 'dtkgv': 'kcbrbbaan'}",79,82,82,68,83,78,TRUE
,93,69,120,104,115,65,FALSE
,69,68,116,113,64,105,FALSE
,67,89,113,81,80,80,FALSE
,70,88,64,110,67,109,FALSE
"{'ahw': 'fbrpsi', 'pwvkh': True}",78,118,96,89,107,67,TRUE
"{'lbg': 81.36, 'vvzsju': 80}",100,115,72,95,119,81,TRUE
,102,82,85,77,92,83,FALSE
,80,66,97,95,110,109,FALSE
"{'ihoywd': True, 'kylj': [10, 9, 9], 'brf': True, 'sipgwv': 91.7}",62,69,65,111,88,61,TRUE
,98,78,79,62,70,119,FALSE
,72,74,94,85,101,92,FALSE
"{'vcgo': 82, 'qkt': [9, 5, 9], 'kwbknypk': [3]}",85,76,101,108,113,105,TRUE
,75,62,76,73,86,110,FALSE
,70,68,83,118,69,79,FALSE
,63,69,110,69,118,108,FALSE
,118,87,90,101,84,91,FALSE
"{'xplf': 'iszypusaou', 'ctpnvopi': 'wgakes', 'hsncp': 44}",65,62,98,84,92,60,TRUE
"{'bmwn': 74, 'dzvnabd': 30.59, 'wiih': 90.61, 'pemy': False}",97,68,88,105,114,100,TRUE
,102,76,92,76,104,64,FALSE
,78,85,112,82,99,93,FALSE
"{'mftuxfcl': 10, 'nbi': 75.24, 'azbi': [0, 7], 'vsct': False, 'aiwb': 100}",106,61,70,110,117,62,TRUE
,68,109,81,77,93,119,FALSE
,113,67,88,104,107,61,FALSE
{'caungycr': 56.91},68,108,68,97,81,119,TRUE
,68,98,104,70,60,92,FALSE
,102,71,68,69,116,119,FALSE
,113,70,103,98,94,63,FALSE
,97,64,106,61,69,112,FALSE
"{'soakv': 'oryyisrm', 'qjwohdj': 51.12, 'sywv': [0, 0, 3, 4]}",115,112,95,89,116,113,TRUE
"{'xksndkyy': 'fadf', 'kxvogmyb': [8], 'gnwe': 'pxlmc'}",115,87,117,91,90,116,TRUE
,73,101,104,92,81,74,FALSE
,111,84,88,109,65,111,FALSE
"{'ozzmo': False, 'gpejie': 'pdmvv', 'zcbkxok': False}",89,116,107,116,64,92,TRUE
,78,76,77,65,89,94,FALSE
,100,64,60,87,68,71,FALSE
"{'wwvbybpy': 20.68, 'fwj': 18.28}",73,98,90,71,102,88,TRUE
,102,109,67,119,62,89,FALSE
,77,120,71,61,74,80,FALSE
,115,88,92,98,74,60,FALSE
,63,96,86,94,112,93,FALSE
"{'sxhj': 26.8, 'lhnavga': 'gkfths', 'rqfky': 58, 'klaajua': 36.3, 'twy': 63}",103,75,94,66,107,117,TRUE
"{'fdokkhr': 93, 'mqzmwp': 71.23}",74,81,103,97,77,119,TRUE
,115,111,91,67,115,84,FALSE
,113,61,60,71,107,111,FALSE
"{'wwxfzgn': [0, 9], 'iguvlqsz': [3, 3], 'ccpq': 87.32, 'ftdw': 91.05}",75,102,111,79,65,90,TRUE
,69,114,66,79,64,69,FALSE
,112,106,108,68,60,108,FALSE
"{'yvugb': 'mik', 'ujrqxy': 28}",86,103,97,119,101,77,TRUE
,105,85,61,60,102,67,FALSE
,103,74,83,83,95,90,FALSE
,82,84,94,111,90,74,FALSE
,106,81,85,87,109,102,FALSE
"{'ozkxd': 75, 'uxxct': 30, 'iwz': 'vvxotdey', 'hhj': 64.08}",84,101,110,100,79,78,TRUE
"{'nmeul': [9, 2, 4]}",111,91,101,79,85,90,TRUE
,88,64,73,80,104,110,FALSE
,66,65,104,74,80,88,FALSE
{'mwsyl': False},102,105,91,99,72,67,TRUE
,111,113,80,110,72,119,FALSE
,67,94,102,96,117,82,FALSE
"{'pzsesxn': [8, 5], 'pwqqcmop': 'hzxrwb', 'lubfwre': 74, 'klvu': False, 'zgspelul': 'wtppogpwlt'}",116,105,115,70,110,67,TRUE
,65,60,73,68,91,118,FALSE
,111,73,82,108,79,78,FALSE
,85,92,88,81,104,108,FALSE
,112,61,91,105,102,74,FALSE
"{'wsqh': 'ndwy', 'ssreuoj': False, 'uzfehig': False}",91,83,85,90,91,68,TRUE
"{'isxllpi': 81.11, 'ajewbd': 71.24, 'hzfgzns': False, 'mvvyvbx': [0]}",114,93,107,92,100,60,TRUE
,75,109,80,79,61,112,FALSE
,119,88,105,70,71,111,FALSE
"{'shdqtxo': False, 'mrl': 5}",84,105,95,77,70,82,TRUE
,89,120,120,72,67,61,FALSE
,110,117,87,105,85,96,FALSE
{'rtgwqcj': 57},98,87,72,95,77,82,TRUE
,65,86,106,60,74,98,FALSE
,96,110,71,90,64,88,FALSE
,76,120,103,96,101,88,FALSE
,97,89,80,113,85,83,FALSE
{'uucncj': True},119,95,99,120,104,70,TRUE
{'vrm': 'yzijhtes'},111,70,118,86,83,90,TRUE
,69,70,97,82,104,104,FALSE
,98,104,64,60,96,99,FALSE
"{'yxomgf': [9], 'dmnyx': 56.66}",116,115,72,64,89,88,TRUE
,111,82,65,60,101,110,FALSE
,75,97,112,74,112,108,FALSE
{'bnlvuvi': 53.18},97,108,102,80,71,107,TRUE
,96,92,110,114,94,106,FALSE
,77,86,103,120,60,94,FALSE
,103,119,99,97,115,108,FALSE
,93,84,61,80,116,81,FALSE
"{'dgsbn': False, 'rfo': True}",77,69,80,98,61,60,TRUE
"{'ldnvlxe': 93, 'mmwle': 80.63, 'avypjv': 17.47}",84,90,110,115,76,75,TRUE
,115,84,119,67,89,67,FALSE
,80,106,116,83,93,103,FALSE
"{'baj': 'wdnfqttd', 'vaj': 61, 'mohb': 71}",118,112,114,114,102,84,TRUE
,64,114,72,102,110,72,FALSE
,89,112,103,89,84,113,FALSE
"{'ukfi': 'esdiov', 'cxtwgivk': False, 'aohdrgkh': [2, 3, 3], 'ekw': 'ofzle'}",63,72,101,73,104,113,TRUE
,69,100,80,100,114,95,FALSE
,68,115,115,76,117,120,FALSE
,85,97,109,108,84,116,FALSE
,90,80,84,70,114,78,FALSE
"{'avpb': False, 'myzx': False, 'jjyxrzri': 'kwl'}",75,96,105,84,109,115,TRUE
"{'widrvljb': [3], 'cdjwtkm': True, 'kayy': 3.66}",91,110,108,75,93,109,TRUE
,118,106,61,103,63,66,FALSE
,66,86,105,66,105,80,FALSE
"{'teb': [3, 2, 1], 'blhetrjk': 'vpvdatee', 'yofdobm': True, 'xtwxsho': [1, 7, 6, 6], 'fjcovf': 'ejxfupmufu'}",73,61,115,107,85,106,TRUE
,89,101,96,120,97,89,FALSE
,69,82,93,107,106,107,FALSE
{'dueeq': 46},93,110,114,103,84,91,TRUE
,101,116,63,90,93,100,FALSE
,64,67,91,100,115,63,FALSE
,64,105,88,96,103,103,FALSE
,68,114,112,118,85,96,FALSE
"{'vdbqqnnk': 93, 'vaqikbti': 64.13, 'uqq': 'stghom', 'mualou': True, 'pfnl': False}",75,94,116,102,68,114,TRUE
"{'kqx': 67.71, 'ynhslo': 66, 'auv': False, 'crsue': 30.24}",73,110,93,108,97,84,TRUE
,96,61,89,77,91,118,FALSE
,105,76,70,111,80,61,FALSE
"{'wickvmtz': False, 'eoioedl': 'ojx'}",66,119,117,64,82,82,TRUE
,107,65,88,87,78,89,FALSE
,76,94,89,82,90,101,FALSE
"{'fps': 12, 'hcixqrdg': 'uufkmwlu', 'kfdph': 'tgbo'}",111,60,93,60,91,77,TRUE
,74,71,61,108,103,107,FALSE
,84,92,82,112,80,97,FALSE
,108,97,109,108,113,110,FALSE
,107,79,120,89,74,115,FALSE
"{'ltwn': 41.75, 'xpadnqgf': True, 'puvj': 61.54}",111,117,65,69,61,76,TRUE
"{'lrecxxaw': [4], 'lewvf': 44, 'xtb': 12, 'rvp': [1, 2], 'hxlzatmr': 'pnhmgtwmhd'}",85,112,86,111,87,87,TRUE
,70,68,65,76,95,113,FALSE
,120,70,71,97,120,93,FALSE
"{'nrik': 35, 'lftv': 'nbntmgt', 'okdzs': False, 'ujdh': [7], 'sjvi': [0]}",111,102,92,71,66,93,TRUE
,91,104,98,100,72,99,FALSE
,107,96,74,111,87,85,FALSE
"{'jzxpv': 52.47, 'yeudxibo': [5, 6, 5, 7], 'azluiihy': 95.28, 'jhckaiwb': 17, 'upx': 64.49}",110,107,97,94,118,80,TRUE
,76,95,113,60,120,97,FALSE
,78,108,111,90,92,94,FALSE
,111,64,91,64,86,78,FALSE
,102,96,79,108,83,113,FALSE
"{'bvruxvl': [4], 'mhqzdjq': [5], 'uea': 'ydmjxazd'}",94,92,86,89,105,110,TRUE
"{'thfcpp': 'mwkljecw', 'tveaw': 2, 'qxvhvn': False, 'lmlcqfcf': 'vet', 'gurhmedf': [5, 4, 10, 0]}",98,110,60,110,61,93,TRUE
,105,103,117,95,88,107,FALSE
,115,106,81,116,113,81,FALSE
"{'iigiizds': [1, 8, 5], 'svzq': False, 'hlsjisal': 32}",62,100,93,86,118,65,TRUE
,96,95,97,60,117,112,FALSE
,98,68,62,106,120,66,FALSE
"{'bker': 84, 'sjy': 17}",66,68,102,88,95,69,TRUE
,83,117,95,107,93,112,FALSE
,98,78,86,93,106,90,FALSE
,87,118,60,106,88,96,FALSE
,116,119,75,62,87,96,FALSE
"{'yiuiob': 'cvwpxa', 'rbuwkn': True, 'aipagt': False}",69,116,111,82,113,63,TRUE
{'shciz': [4]},110,103,82,86,115,81,TRUE
,70,98,78,111,119,93,FALSE
,94,101,99,90,96,83,FALSE
"{'ecjtzy': True, 'kotelj': [1, 3, 8]}",110,95,92,116,117,68,TRUE
,95,68,101,96,87,82,FALSE
,60,66,67,67,85,119,FALSE
"{'idhmkzl': 86, 'spjhkwe': False, 'vkxtwdbo': 94.68, 'obvp': 'fcqck', 'fyglph': 96}",90,104,89,99,119,84,TRUE
,106,110,98,92,112,120,FALSE
,117,104,119,100,98,116,FALSE
,73,105,90,93,97,80,FALSE
,97,96,94,96,79,69,FALSE
"{'bosseur': True, 'aps': 'itxk', 'uyafg': False, 'qzcjtf': [2, 8, 9, 5], 'hdol': 'ijboz'}",102,77,67,97,84,69,TRUE
"{'rhx': 33.78, 'nchttxpz': [4], 'kcyqh': 1, 'dtlzzgb': 51.04}",107,106,114,81,77,111,TRUE
,95,99,60,67,90,115,FALSE
,63,84,71,119,106,65,FALSE
{'bxfu': [5]},80,71,113,73,64,108,TRUE
,111,72,81,72,108,75,FALSE
,62,81,63,70,75,108,FALSE
{'phrwl': False},118,93,65,64,117,97,TRUE
,66,87,73,110,82,68,FALSE
,82,78,83,61,97,105,FALSE
,107,61,73,84,75,70,FALSE
,90,120,79,105,100,105,FALSE
"{'jcrbjabj': [6, 2, 4], 'hohifat': 'jejkgkay'}",96,60,97,102,88,66,TRUE
"{'rwli': 96, 'vof': 100, 'lwmt': 'lkpcjajywy'}",71,117,117,71,85,97,TRUE
,93,113,108,113,89,70,FALSE
,101,71,85,70,109,69,FALSE
"{'fbhfw': 'xcivh', 'uompa': 'asftbbwcy', 'cvq': False, 'hfm': 57.57, 'sakdg': 'eanlk'}",77,106,91,92,91,119,TRUE
,79,76,85,117,87,70,FALSE
,86,75,76,110,112,82,FALSE
"{'zjnbypk': 'djg', 'vssxc': 52, 'qqxrfi': 'krmkdwdc', 'ldajsk': False, 'qexfbeht': 73.02}",76,64,65,96,103,102,TRUE
,94,66,116,117,77,103,FALSE
,60,97,72,61,86,113,FALSE
,75,91,91,115,108,101,FALSE
,109,104,69,68,70,109,FALSE
"{'kynfel': 'dynrxqxsxw', 'lhoe': False, 'qkeegge': True, 'pvuaefa': 'fextgqzkm', 'hazjvcr': False}",94,100,72,109,67,118,TRUE
"{'wamr': 69.93, 'xyuy': [10, 10, 3], 'enohcu': True, 'hgzoy': False}",69,83,106,113,62,108,TRUE
,96,72,102,99,65,111,FALSE
,113,67,94,83,107,71,FALSE
"{'lgqf': False, 'hed': True, 'ksuem': 'mvj', 'zxplb': True}",77,70,84,89,89,71,TRUE
,60,63,66,93,120,112,FALSE
,103,99,84,120,79,98,FALSE
{'yyxziyie': 33},114,99,81,105,87,116,TRUE
,84,60,82,63,60,78,FALSE
,96,71,112,61,92,64,FALSE
,68,99,86,98,74,95,FALSE
,93,100,105,90,93,119,FALSE
{'rzmgguaf': True},85,114,115,103,91,86,TRUE
"{'qrqrkhry': 82, 'wsua': 26, 'nshzje': 22, 'sehqbgm': 9.16}",99,91,68,92,100,60,TRUE
,108,103,112,110,74,78,FALSE
,97,104,114,79,76,63,FALSE
"{'dcoojw': [8], 'xpm': [10, 0, 9], 'wbqrhpyd': [9, 8, 7, 1], 'xmgpvf': [9, 0]}",103,95,77,87,69,99,TRUE
,82,65,103,83,100,88,FALSE
,98,64,78,76,87,73,FALSE
"{'gzbjfba': True, 'wqnvbtpy': True, 'rgsafcna': True, 'nivv': 34}",93,80,120,120,76,82,TRUE
,95,62,79,110,69,90,FALSE
,108,104,61,93,78,65,FALSE
,92,84,80,74,101,80,FALSE
,114,72,108,100,94,65,FALSE
{'vptbkvc': True},104,118,118,64,119,110,TRUE
"{'wvk': True, 'nbfyiw': 16.93, 'jfv': [0, 1, 4, 0], 'ebeefaa': 9}",112,75,107,84,112,108,TRUE
,117,119,76,104,101,100,FALSE
,63,89,92,116,72,72,FALSE
"{'dlryqsgd': 97, 'cephay': 'ucdldfmjmx'}",60,119,111,107,62,74,TRUE
,114,116,120,67,67,87,FALSE
,84,71,99,64,117,98,FALSE
"{'fcr': 58.69, 'sukbyc': [9, 10, 9], 'mgvexj': True, 'bhd': [5], 'chtdud': 82.32}",109,103,96,77,104,110,TRUE
,105,98,70,88,115,113,FALSE
,68,118,90,118,107,85,FALSE
,85,103,101,80,96,66,FALSE
,110,114,116,71,65,74,FALSE
"{'ljcabu': 'cwwgwvyemy', 'gzanjo': True, 'pocw': 87.44}",106,73,89,98,116,109,TRUE
"{'ilpmhacy': 'uvcqyswm', 'dkpdbcc': 'rru', 'wlfjcxrb': 53}",115,92,63,63,68,114,TRUE
,113,102,99,60,61,87,FALSE
,101,118,85,106,61,75,FALSE
"{'jccrlnw': False, 'hfcvfsbz': 'rzmsln', 'hxfqsm': 98.38}",74,83,103,101,98,71,TRUE
,102,60,76,110,97,99,FALSE
,93,108,70,109,66,61,FALSE
"{'lxz': 20, 'nxwmeggs': 'elhd'}",77,106,120,87,60,67,TRUE
,66,93,94,94,81,63,FALSE
,102,73,103,98,119,65,FALSE
,61,91,70,119,114,74,FALSE
,93,103,74,116,100,60,FALSE
{'safhjxj': 11},109,120,103,101,80,111,TRUE
"{'nwpj': True, 'xknkopla': 39.35, 'mxxpmq': [2, 4, 6], 'avyxkjq': False}",117,94,69,118,115,99,TRUE
,107,102,105,98,109,111,FALSE
,94,87,105,105,92,62,FALSE
"{'iie': False, 'jqm': 8.77, 'iar': [5, 5, 0, 8]}",109,105,61,68,112,88,TRUE
,117,86,72,88,71,81,FALSE
,91,104,118,92,94,89,FALSE
"{'rnoa': 99, 'usig': [7, 1], 'sqsr': 40, 'szxnwvu': [9, 8]}",118,113,76,107,98,83,TRUE
,96,62,77,88,117,75,FALSE
,88,60,110,76,97,72,FALSE
,79,103,89,68,116,108,FALSE
,66,66,107,102,113,80,FALSE
"{'xkx': 73, 'vnf': 87, 'vgydcgsr': 54.24}",97,82,87,85,118,73,TRUE
"{'wgnxdpr': 81, 'kbhrk': True, 'zns': 'ywfziwuo', 'lcgy': 54}",97,70,87,68,74,81,TRUE
,112,114,93,102,102,96,FALSE
,96,100,88,101,101,106,FALSE
"{'tck': 37.17, 'fcellf': 'mmobwsz', 'vostgvb': [7, 1, 8], 'scsig': False, 'xmt': 35.04}",119,70,83,92,117,96,TRUE
,87,79,113,68,110,104,FALSE
,90,73,105,105,87,114,FALSE
"{'das': 'ybzelx', 'jkzuxoe': 'clhwhxak', 'ssa': 'hjfix', 'jyvaw': False, 'utifvx': 44.23}",120,118,84,92,111,60,TRUE
,81,94,64,116,85,107,FALSE
,78,70,98,97,93,92,FALSE
,93,63,91,64,89,98,FALSE
,112,89,87,110,73,118,FALSE
{'uhexv': 'xzezgvvr'},74,80,94,115,111,65,TRUE
"{'pnj': 67.31, 'cily': 65, 'zscqv': 82.05, 'slfftifw': 79}",73,106,95,111,118,83,TRUE
,72,63,106,85,81,72,FALSE
,91,73,78,82,92,71,FALSE
"{'sjv': False, 'scmmg': [5], 'cvcaal': 99.21, 'fug': True}",98,113,115,120,104,103,TRUE
,104,67,75,71,96,77,FALSE
,99,111,60,114,108,86,FALSE
"{'hxkwae': 30.3, 'fmswbult': 16}",106,120,82,93,111,104,TRUE
,65,104,61,90,110,114,FALSE
,109,81,66,113,96,68,FALSE
,81,86,94,107,93,120,FALSE
,116,61,88,107,120,109,FALSE
"{'agux': 22.53, 'sgdp': False}",97,86,89,96,88,60,TRUE
{'oezolkb': 41.32},83,78,99,77,107,105,TRUE
,96,71,95,74,84,99,FALSE
,65,79,67,68,82,110,FALSE
"{'wgyzjglo': 27, 'www': [9, 4, 3]}",67,107,70,120,100,101,TRUE
,67,83,84,82,75,72,FALSE
,104,70,94,62,76,102,FALSE
"{'kcbihvsi': 'fmfxh', 'taspqc': 'fuli', 'atnlt': True}",80,67,71,64,87,78,TRUE
,112,95,114,90,95,112,FALSE
,103,85,95,78,83,108,FALSE
,90,115,96,80,86,103,FALSE
,68,70,114,86,84,97,FALSE
"{'vyiiy': [8, 8]}",120,76,75,108,62,97,TRUE
"{'ntjko': False, 'cklh': [0, 10, 7, 2]}",117,60,107,104,80,97,TRUE
,74,68,77,80,89,73,FALSE
,107,69,102,66,60,87,FALSE
"{'qxbciu': 'keajgqnljo', 'ekod': False, 'wzx': 34}",109,112,113,96,65,82,TRUE
,96,68,77,101,60,103,FALSE
,70,83,69,84,99,68,FALSE
"{'xeenihl': False, 'pycqxqs': 64}",112,91,117,94,83,88,TRUE
,73,76,119,76,63,91,FALSE
,80,73,60,68,100,64,FALSE
,73,116,67,72,64,113,FALSE
,103,74,64,120,61,94,FALSE
{'naj': 32},87,81,78,106,83,60,TRUE
"{'pnite': 86.05, 'pie': False, 'lzqtghde': 'aictjkzrf', 'hkp': 18, 'vrwfyih': False}",64,106,115,109,119,109,TRUE
,113,111,92,93,92,112,FALSE
,113,108,91,110,63,117,FALSE
"{'njclykh': 47.32, 'tnbcil': 'psteuztl'}",64,82,61,85,78,83,TRUE
,75,75,73,73,111,79,FALSE
,70,101,69,105,66,113,FALSE
"{'xezvc': 'ikmq', 'ztafwa': 81.04}",119,105,91,112,104,116,TRUE
,79,114,92,113,81,67,FALSE
,92,85,67,78,92,104,FALSE
,103,110,93,94,118,76,FALSE
,67,83,91,80,90,109,FALSE
"{'tociay': True, 'xjprnaih': True, 'oonwo': [1, 0], 'srt': 'stencwi'}",60,115,85,108,87,114,TRUE
"{'qsjpjm': [4, 8, 9], 'yvrqhemm': 33.14, 'kxtqna': 45, 'gwetoy': [8, 5, 5]}",72,109,93,104,115,71,TRUE
,63,69,78,65,84,93,FALSE
,78,109,100,113,115,76,FALSE
"{'uwpz': 'xlyzuv', 'scrqw': 'zcpwbs'}",111,118,119,61,103,112,TRUE
,116,102,92,109,100,80,FALSE
,60,74,116,72,104,79,FALSE
{'krtkdk': 77},100,104,117,104,78,70,TRUE
,111,83,64,70,105,86,FALSE
,114,78,65,68,89,90,FALSE
,85,119,87,108,100,68,FALSE
,118,73,116,68,107,61,FALSE
"{'omqlj': True, 'qsvdimy': True}",74,96,96,114,63,67,TRUE
"{'utta': [8, 2, 9, 5], 'bjjj': True, 'gwd': 'bdhfprrb', 'ieig': 'difgqem', 'eagpj': 96.72}",108,68,76,61,66,77,TRUE
,90,89,79,77,90,101,FALSE
,76,62,112,109,83,115,FALSE
"{'vmuupd': 'mafpr', 'bimpi': 58, 'kgf': 'fiwxxukgl', 'bwdltfin': 'frhez', 'zbfk': True}",70,86,69,118,111,62,TRUE
,82,116,71,116,65,76,FALSE
,114,110,87,110,91,107,FALSE
"{'kxitgqg': 34.07, 'faqgva': 29, 'xlwjzotc': [10, 4]}",106,110,90,87,88,113,TRUE
,77,80,95,112,98,68,FALSE
,111,76,91,63,99,105,FALSE
,61,113,90,61,105,78,FALSE
,60,106,118,69,97,87,FALSE
"{'naz': [7], 'gsrp': True, 'mxkgbtvp': 23.42, 'zns': 'yqzqzi'}",117,92,62,101,113,108,TRUE
"{'rosur': [8], 'ntkeep': 28.5, 'hczf': 32.79}",67,61,67,113,101,93,TRUE
,117,66,79,79,94,68,FALSE
,62,77,87,102,61,97,FALSE
{'wtjngo': 6},84,70,80,71,87,60,TRUE
,98,85,117,85,83,111,FALSE
,75,63,79,91,101,107,FALSE
"{'esn': 6, 'jmqhst': 4.0}",83,84,94,87,91,61,TRUE
,107,116,93,108,116,83,FALSE
,110,60,63,82,87,84,FALSE
,104,65,62,74,99,72,FALSE
,103,113,90,60,114,100,FALSE
"{'pwvgud': [0, 0], 'imwupddp': 59, 'spth': [7, 5, 6], 'zpk': [7, 2], 'hifax': False}",78,105,68,80,93,71,TRUE
"{'lquhlfx': 40, 'bmoveg': 13, 'ohnrtii': 'hcq', 'xmts': [0, 0], 'qhwpvsgo': 62}",86,114,118,76,86,80,TRUE
,67,107,116,117,91,101,FALSE
,87,71,103,106,81,82,FALSE
"{'akrqp': [6], 'hwkiafol': [7, 5, 8, 0], 'ktsvtujz': True, 'hkrwg': 57}",69,95,102,79,86,118,TRUE
,116,88,109,68,97,109,FALSE
,90,63,117,114,118,65,FALSE
"{'yar': True, 'kmq': [0, 0]}",117,68,63,100,110,78,TRUE
,117,109,81,67,103,118,FALSE
,107,110,91,82,106,67,FALSE
,69,84,82,63,76,107,FALSE
,88,82,77,62,80,119,FALSE
"{'jzzcep': 'pdkdtu', 'fgj': 83.88, 'toipx': 'ytghcpoh', 'frbt': 9}",93,116,68,83,104,67,TRUE
"{'uhrdaj': 57, 'jtdqwh': 62.16, 'dxdpmrzz': 40.49, 'zsacmkvm': 43, 'enjlfe': [8, 8, 9]}",78,69,62,73,92,101,TRUE
,67,113,80,84,86,89,FALSE
,101,63,82,105,118,86,FALSE
"{'csb': 5, 'yqqnmqid': [8, 2]}",73,112,63,96,61,77,TRUE
,69,105,105,68,101,67,FALSE
,71,60,99,96,61,112,FALSE
{'kpkphsbk': 'ytcejagj'},118,71,96,109,72,112,TRUE
,80,73,80,74,89,111,FALSE
,109,85,73,92,93,119,FALSE
,81,111,100,106,65,88,FALSE
,100,93,96,102,106,84,FALSE
"{'mjv': 'afwprwqsb', 'meedvq': 92, 'srrvb': 'whureyqiou'}",65,91,80,62,82,96,TRUE
"{'csb': 5, 'yqqnmqid': [8, 2]}",100,69,76,61,114,88,TRUE
,118,84,112,88,76,112,FALSE